0;Бог обращается к вам. Ноль – это знак бесконечного круга Омеги без начала и без конца. Бог хочет привлечь ваше внимание, чтобы воодушевить вас или дать совет.
1;Не теряйте оптимизма. Все, о чем вы думаете, сбудется, поэтому думайте только о том, чего на самом деле желаете. Доверьте свои страхи Богу и ангелам.
2;Все хорошо сейчас и будет хорошо и впредь. Продолжайте верить, и надежда выведет вас к свету. Попросите ангелов, и они подкрепят вашу веру.
3;Вам помогает вознесенный учитель – как правило, тот, с которым вы чувствуете особую связь: Иисус, Гуаньинь, кто-то из святых или другой религиозный или духовный наставник.
4;Ангелы с вами. Они посылают вам цифру 4 в доказательство того, что они слышат ваши молитвы и поддерживают вас.
5;Происходят значительные перемены, и это к лучшему. Попросите Небеса помочь вам приспособиться к изменениям в вашей жизни.
6;Не беспокойтесь и не тревожьтесь о материальном (включая деньги). Тревога снижает действенность молитв. Но, к счастью, ангелы откликаются, если их попросить.
7;Вы на верном пути. Результат превзойдет все ваши ожидания! 7 – это знак того, что божественная сила поддерживает вас и отворяет все двери на вашем пути.
8;8 – это знак богатства и процветания. Также это знак бесконечности и символ нескончаемого потока денег, времени, идей и всего того, что вам нужно (особенно для реализации вашей жизненной задачи).
9;Служитель Света, настало время взяться за труд! 9 означает, что вы завершили все подготовительные этапы и теперь готовы взяться за дело своей жизни. Не тратьте время зря, действуйте – шаг за шагом.
10;Бог хочет, чтобы вы рассматривали ситуацию, в которой находитесь, с оптимистичной точки зрения. Все происходит ради вашего высшего блага. Попросите Бога помочь вам сохранять уверенность, потому что ваши мысли влияют на исход дела.
11;Думайте о хорошем! Ваши мысли быстро материализуются, поэтому, чтобы итог был радостным, сосредоточьтесь на самом благом в себе, в окружающих и в ситуации.
12;Смотрите в будущее с оптимизмом, потому что ваши мысли влияют на него. Храните веру и надежду – от них многое зависит.
13;Вознесенные учителя (Иисус, Гуаньинь и другие) присматривают за вами и поддерживают в вас благой настрой. Число 13 также означает, что богини и вознесенные наставницы охраняют вашу радость.
14;Положитесь на ангелов: они помогут вам сохранить жизнерадостность и оптимизм.
15;Ваша жизнь меняется, но помните, что нужно мыслить позитивно. Благодаря положительному настрою перемены окажутся исключительно к лучшему.
16;Ваши слова обладают чудесной силой и притягивают к вам именно то, о чем вы говорите и думаете.
17;Ангелы восхищены вашей уверенностью и оптимизмом. Они говорят, что у вас есть для этого все основания, ведь ваши позитивные утверждения воплощаются в жизнь. Не сдавайтесь, вы на верном пути!
18;Ваши мысли – это вентиль, который может открыть или перекрыть финансовый поток. Не падайте духом, и материальные блага легко потекут вам в руки. Попросите ангелов помочь вам сохранять оптимизм, особенно в отношении денег, потому что тревога может стать препятствием на их пути к вам.
19;Верьте в себя и свою жизненную задачу. Ангелы хотят передать вам: вы готовы следовать за мечтой. Думайте о хорошем и действуйте без промедления.
20;Ваша связь с Создателем прочна, и вы ясно слышите Его голос. Бог просит вас довериться Ему сердцем и разумом (попросите Небеса помочь вам в этом). Награда за веру уже ждет вас.
21;У вас есть все основания для того, чтобы радоваться жизни! Прямо сейчас ангелы незримо трудятся на ваше благо. Чтобы поспособствовать их трудам, произносите позитивные утверждения и верьте, что мечта уже воплощается в жизнь.
22;Ангелам ведомо, что ответ на ваши молитвы уже пришел, и они просят вас сохранять терпение и душевное равновесие, пока на Небесах работают над завершающими штрихами. Ангелы настойчиво призывают: «Продолжайте верить!»
23;Вы сотрудничаете с одним или несколькими вознесенными учителями (например, с Иисусом, Моисеем, святыми или богинями). Это – послание от кого-то из них, и этот кто-то желает сообщить, что ответ на ваши молитвы уже близок. Сохраняйте положительный настрой, чтобы ответ оказался как можно более благоприятным.
24;Сейчас к вашим привычным ангелам присоединились и другие, чтобы помочь вам сохранить оптимизм независимо от того, что происходит вокруг. Ангелы знают, насколько может быть сильна вера. Они очищают вас от негативных мыслей и чувств, чтобы ваши желания легко воплотились в жизнь.
25;Ваша жизнь кардинально меняется. Главное – настройтесь на лучшее, такой подход будет вознагражден.
26;Позитивные утверждения помогут быстро улучшить ситуацию. Ангелы просят вас думать и говорить только о желаемом и не утверждаться в своих страхах, потому что страх – это только иллюзия.
27;Поздравляю! Оптимизм привлекает к вам прекрасные ситуации и отношения. Продолжайте в том же духе, потому что это идет вам на пользу.
28;К вам текут деньги, потому что вы верите, что Небеса полностью поддерживают вас, ваших близких и вашу жизненную задачу.
29;Не теряйте веры в значимость своего смысла жизни. Приложите все силы к служению, используйте свои таланты, страсти и склонности. Для вас отворяются двери. Главное – верьте.
30;Бог и вознесенные учителя полностью вас поддерживают. Уверенно идите к своим мечтам!
31;Вознесенные учителя просят вас отказаться от земных иллюзий и увидеть божественное совершенство в себе, в других и в том, что с вами происходит. Как только вы его узрите, оно проявится в ваших отношениях, в карьере, здоровье и других сферах жизни.
32;Вознесенный учитель Иисус напоминает: используйте его утверждение о силе веры («Все возможно верующему») прямо сейчас.
33;Ваша связь с вознесенными учителями прочна, они откликаются на ваш призыв и ваши молитвы. Продолжайте говорить с ними, потому что они помогают вам прямо сейчас.
34;Ангелы и вознесенные учителя с вами, и они слышат ваши молитвы и отвечают на них.
35;"Вознесенные учителя защищают вас и помогают вам; в вашу жизнь скоро придут благоприятные перемены."
36;Вознесенные учителя просят вас сосредоточиться на духовном и предоставить им позаботиться о материальном.
37;Вы на верном пути. Вознесенные учителя помогают вам и поддерживают вас.
38;Вознесенные учителя помогают вам с финансами.
39;Вознесенные учителя помогают вам. Они настоятельно побуждают вас трудиться над своей жизненной задачей.
40;Бог и ангелы окружают вас небесной любовью и защитой.
41;Ангелы просят вас мыслить позитивно, ведь всё, что вы говорите и думаете, быстро воплощается в реальность.
42;Ангелы настоятельно призывают вас не терять веру.
43;И ангелы, и вознесенные учителя (такие как Иисус, Будда или святые) помогают вам прямо сейчас. Уединитесь для медитации, чтобы пообщаться с ними. Их присутствие ободрит и обнадежит вас.
44;Прямо сейчас ангелы шлют вам любовь, утешение и поддержку. Попросите их о помощи и прислушайтесь к своей интуиции – через нее придет ответ.
45;Ангелы помогают вам и меняют вашу жизнь к лучшему.
46;Ангелы говорят вам: «Сосредоточьтесь на собственном духе и на духовном Истоке всего сущего. Предоставьте нам позаботиться о материальной стороне жизни».
47;Ангелы говорят, что вы на верном пути. Не сходите с него!
48;Ангелы услышали ваши молитвы о деньгах и ответили на них.
49;Ангелы настойчиво побуждают вас безотлагательно взяться за работу над вашими главными целями и жизненной задачей. Попросите их подсказать вам идеи, придать смелости и целеустремленности.
50;Бог помогает вам изменить жизнь, чтобы она стала более здоровой.
51;Продолжайте мыслить позитивно о тех переменах, которых вы желаете и которые с вами происходят.
52;Верьте в то, что перемены, которых вы ждете или которые происходят с вами сейчас, только к лучшему.
53;Вознесенные учителя помогают вам изменить жизнь к лучшему. Попросите их о помощи в любом аспекте текущей ситуации: например, подать вам новые идеи, открыть дополнительные возможности, придать смелости и так далее.
54;Вы производите необходимые и полезные перемены в жизни, ангелы поддерживают вас в этом и направляют вас.
55;Пришло время расстаться со старым и поприветствовать новое. Порадуйтесь переменам, потому что они принесут новые благословения.
56;Сейчас происходят перемены в вашей жизни, карьере и отношениях. Сосредоточьтесь на духовном росте и найдите благословение в любом изменении.
57;Перемены, которые происходят с вами сейчас, пойдут вам на пользу. Доверьтесь им – они приведут туда, куда нужно.
58;Ваше финансовое положение улучшается, и вскоре денежный приток увеличится. Это число также может означать повышение в должности или перемену в карьере – с увеличением зарплаты.
59;Происходящие сейчас перемены помогут вам стать ближе к вашей жизненной задаче. Чтобы развеять тревогу, займитесь чем-нибудь, что соответствует вашим духовным склонностям.
60;Вы колеблетесь между Духом и материальным миром. Это число призывает вас найти верный баланс и помнить, что Дух – источник всего и та сила, которая стоит за всем в жизни.
61;Старайтесь, чтобы ваши мысли о материальной жизни (например, о доме, работе, здоровье и имуществе) были позитивными. Мысли влияют на жизнь, поэтому думайте только о желаемом и не думайте о страхах.
62;Верьте в то, что все в вашей жизни чудесным образом устроится. Вера отворяет дверь чудесам!
63;Вознесенные учителя помогают вам в повседневной жизни. Попросите их поддержать вас и будьте открыты для новых идей, наставлений и неожиданных подарков.
64;Ангелы поддерживают вас во всех областях жизни. Доверьте им свои страхи и тревоги и попросите о помощи, в которой сейчас нуждаетесь.
65;Поздравляю – вы успешно меняете свою жизнь к лучшему. Сейчас самое время, чтобы изменить что-нибудь дома, на работе или в отношениях. Следуйте внутреннему голосу истины.
66;Когда вас тяготят тревоги, стресс или страх, становится сложней слышать любящие голоса ангелов. Это послание напоминает о том, что нужно не жалеть времени на молитвы и медитацию. Попросите о духовной помощи и приготовьтесь принять ее – она обязательно придет в ответ на молитвы.
67;Отлично! Вы на верном пути и дома, и на работе.
68;Помните, что источник ваших доходов – Дух. Тревога не улучшит ваши финансы, зато молитва поможет в любой сфере жизни.
69;Когда вы занимаетесь духовными трудами сообразно вашим склонностям и интересам, все области вашей жизни подвергаются улучшению.
70;Это послание от Бога говорит вам, что вы на верном пути. Не сходите с него!
71;Ваши желания и действия правильны. Сохраняйте оптимизм и жизнерадостность, и все ваши мечты сбудутся.
72;Верьте в то, что вы идете к желаемому верным путем – потому что так и есть!
73;Вознесенные учителя вас направляют, и вы верно слышите их советы. Оставайтесь на этом пути, потому что на нем вас ждут дары и благословения.
74;Ангелы окружают вас и сопровождают каждый шаг. Вскоре ваши мечты сбудутся, поэтому в дальнейшем придерживайтесь тех же действий и мыслей, что и сейчас.
75;Перемены, которые вы совершаете или о которых задумались, – это именно то, что вам нужно.
76;Вы на верном пути. Ваши решения и действия приведут к тому, что все ваши материальные нужды будут удовлетворены.
77;Вы отлично потрудились! Продолжайте так же и дальше, потому что все, чего вы касаетесь, обращается в золото!
78;Благодаря своим действиям и мыслям вы подключились к финансовому потоку мироздания. Придерживайтесь своих планов – они принесут деньги.
79;Вы на верном пути к цели вашей жизни.
80;Бог поддерживает вас во всем, включая финансы. Не тревожьтесь и позвольте Богу помочь вам.
81;Чем оптимистичней вы думаете о деньгах, тем обильней будет ваш финансовый поток.
82;Верьте, что о ваших финансах позаботятся. Доверьтесь Богу и ангелам.
83;Вознесенные учителя услышали ваши молитвы о финансовых нуждах и ответили на них.
84;Ангелы увеличивают приток ваших финансов, чтобы вы обрели чувство безопасности и достатка.
85;Ура! Ваше финансовое положение меняется к лучшему!
86;Откажитесь от земных тревог по поводу финансов и думайте о них с духовной точки зрения. Чем возвышенней ваши мысли, тем больше денежный поток.
87;Вы все делаете правильно на работе и в финансах. Так держать!
88;Это очень благоприятный знак в финансовом смысле. Ваши действия, молитвы, визуализации и утверждения принесли прекрасный результат – поток изобилия. Подставляйте руки и принимайте его!
89;Ваша жизненная задача – обрести ключ к двери в изобилие. Начиная с сегодняшнего дня каждый день предпринимайте шаги в тех областях, что относятся к сферам ваших духовных интересов и увлечений. Эти области – основа вашей жизненной цели.
90;Бог призывает вас безотлагательно приступить к работе над вашей жизненной задачей. Вы к этому готовы! Прямо сегодня сделайте что-нибудь, относящееся к вашим духовным интересам.
91;Отнеситесь к своей жизненной задаче с оптимизмом и воодушевлением. Вы и ваша задача нужны миру.
92;Вера в то, что все идеально складывается для того, чтобы вы выполнили свою жизненную задачу, поможет вам ясней видеть и понимать, как лучше всего действовать.
93;Вознесенные учителя направляют, поддерживают и защищают вас. И, поскольку вы к ним прислушивались (пусть даже не сознавая того), сейчас вы стоите на верном пути – ваши мечты станут реальностью, и вы выполните свою жизненную задачу.
94;Ангелы направляют и поддерживают ваши действия и говорят, что вы отлично справляетесь, – так держать!
95;Сейчас вы думаете над тем, что нужно изменить, – вы планируете правильные перемены, которые приведут к тому, что вам станет ясна ваша жизненная задача.
96;Сосредоточьтесь на духовных аспектах жизни (например, помощь другим, доверие Богу и любовь), а все земные тревоги относительно вашей цели жизни отдайте Богу и ангелам.
97;Доверяйте интуиции и следуйте ей, потому что она права.
98;Чем больше вы обращаете внимания на свою цель жизни, чем больше стараетесь ее достичь, тем шире открываются для вас врата изобилия. Сосредоточьтесь на цели, и пусть ваши финансы сами о себе позаботятся.
99;Духовный мир настоятельно говорит: «Начните выполнять свою жизненную задачу прямо сейчас!» Попросите духовных существ помочь вам со всем необходимым, например, указать направление, приободрить и научить ясно видеть.
100;Это послание от Бога, в котором Он настоятельно подчеркивает, что вам для получения желаемого нужно мыслить позитивно.
101;Это число символизирует важную духовную истину: по мере того, как вы перестаете беспокоиться и позволяете Богу помогать вам, мысли становятся более позитивными и эти высокочастотные вибрации притягивают в вашу жизнь только хорошее.
102;Все ваши молитвы и нацеленные на хороший исход мысли приводят к нужному результату! Возложите тревоги на Бога и укрепитесь в вере – вскоре все будет хорошо.
103;Чем больше вы верите в благополучный исход, тем лучше Бог и вознесенные учителя (Иисус, святые и другие) смогут вам помочь.
104;Вас окутывает любовь Бога и окружают ангелы. Скоро в вашей жизни станет больше счастья. Чтобы это произошло быстрей, поддерживайте свой позитивный настрой.
105;Вы меняете свою жизнь к лучшему, и в этом вас поддерживает мощная энергия любви Бога. Предоставьте Богу позаботиться обо всем, вера в лучшее охранит вас.
106;Чем больше вы сосредотачиваетесь на любви и мудрости Бога, тем больше получаете силы и поддержки. «Ищите прежде царства Божия, и все остальное приложится вам».
107;Вы прислушивались к указаниям любящего Бога, поэтому сейчас вы именно там, где и должны быть.
108;Вы верили в лучшее и молились, обращаясь к бесконечной Божьей любви, поэтому источник изобилия открылся для вас.
109;Сохраняйте веру в лучшее и не теряйте из виду жизненную задачу, продолжайте идти к своей мечте.
110;Бог и вы – коллеги, вместе создающие ответ на ваши молитвы. Богу нужна ваша помощь, так что следуйте божественным наставлениям и не падайте духом.
111;Это число сообщает, что ваши мысли материализуются мгновенно, поэтому сосредоточьтесь на желаемом. Чтобы ваши страхи преобразились, доверьте их Небесам.
112;Вера и оптимизм приведут вас к исполнению желаний.
113;Вознесенные учителя вдохновляют вас. Ожидайте вскоре чудес.
114;Попросите ангелов помочь вам сохранять веру в лучшее, и они максимально поднимут частоту ваших вибраций.
115;Чем оптимистичней вы думаете о тех переменах, которые совершаете или хотите совершить, тем лучше будет результат – для вас и для всех участников.
116;Представьте себе самое лучшее в материальной жизни (в карьере, достижениях, в быту), потому что ваши мысли быстро станут реальностью.
117;Поздравляю! Ваш настрой на лучшее ведет вас и вашу жизнь в верном направлении. Продолжайте поддерживать в себе оптимизм.
118;Ваши позитивные мысли о деньгах отворили врата для финансового потока. Поддерживайте оптимистичный настрой – он действует!
119;Ваши мысли и чувства относительно вашей жизненной цели должны быть как можно более позитивными и обладать высочайшими вибрациями. Ваши мысли управляют жизнью и ведут ее к цели.
120;Чудесно! Вы принимаете благую энергию любви Бога и разумом, и сердцем.
121;Будьте сильны в вере и сохраняйте присутствие духа – это принесет наилучшие результаты.
122;Верьте, потому что скрытые небесные силы пришли в движение, чтобы дать вам желаемое. Чем больше радости в ваших мыслях и чувствах, тем быстрей все случится.
123;Сделайте жизнь проще – избавьтесь от лишнего и ненужного. Попросите других (и Небеса) о помощи и почаще полагайтесь на окружающих.
124;Ангелы помогают вам сохранять позитивное отношение к ситуации, наполняя ваши мысли энергией божественной любви.
125;Все перемены, которые вы сейчас совершаете или только планируете, пройдут более гладко, если вы настроитесь на лучшее.
126;Чем больше у вас веры и оптимизма, тем лучше будет итог текущей ситуации. Штурвал вашего корабля – это мысли, так что не падайте духом.
127;Вы на верном пути и имеете все основания для радости. Сохраняйте оптимистичный подход и продолжайте делать то, что делаете.
128;Чем больше в ваших мыслях и чувствах позитивной энергии, тем шире отворяются врата изобилия.
129;Ваша жизненная задача нужна и важна в этом мире. Думайте о хорошем и каждый день совершайте что-нибудь, связанное с вашими духовными интересами и стремлениями.
130;Бог и вознесенные учителя помогают вам очищать мысли и энергию, чтобы они были полны любви.
131;Попросите вознесенных учителей помочь вам с тем, что у вас происходит и чего вы желаете. Они придадут вам смелости и уверенности в себе.
132;Во многих историях о вознесенных учителях (таких как Иисус, Будда и Моисей) говорится о силе их веры, которая творила чудеса. Это число – послание от учителей, которые помогают вам взращивать веру.
133;Ничего не бойтесь и ни о чем не тревожьтесь, потому что вознесенные учителя поддерживают вас и помогают вам.
134;Прямо сейчас вы получаете сильную духовную поддержку. Ангелы и вознесенные учителя окружают вас любовью, так что возложите на них свои заботы и тревоги.
135;Помощь вознесенных учителей и ваши позитивные мысли привели к тем переменам к лучшему, что происходят сейчас с вами. Благодаря этим переменам вы получите ответ на ваши молитвы.
136;Вы просили Небеса позаботиться о ваших материальных нуждах, Высшие силы услышали ваши молитвы и ответили на них. Теперь вам нужно только сосредоточиться на желаемом и возложить все тревоги на вознесенных учителей.
137;У вас получилось! Молитвы и визуализация привели вас на верный путь. Следуйте полученным наставлениям и продолжайте настраиваться на благополучный итог.
138;Молитесь о карьере и финансах и не оставляйте позитивных утверждений. Доверьтесь вознесенным учителям, которые окутывают вас любовью.
139;Продолжайте визуализировать, что вы счастливы и стремитесь к жизненной цели. Продолжайте молиться и общаться с вознесенными учителями. Они помогут вам на пути.
140;Бог и ангелы настраивают ваши мысли на лучшее, так что к вам будет продолжать притягиваться только благо.
141;Ангелы настоятельно советуют вам отказаться от тревожащих мыслей. Чтобы сосредоточиться на самых лучших вариантах развития событий, молитесь и используйте позитивные утверждения.
142;Ангелы помогают вам сохранять силы, веру и настрой на лучшее. Они знают, что все будет хорошо, и хотят, чтобы вы тоже это знали.
143;Не беспокойтесь! Ангелы и вознесенные учителя находятся рядом с вами и постепенно меняют ситуацию к лучшему.
144;Ангелы просят вас думать о хорошем, поскольку позитивные мысли притягивают благо. Чтобы расстаться со страхами, попросите ангелов помочь вам – и страхи исчезнут.
145;Да, те перемены, о которых вы думаете, благословлены Богом. Действуйте уверенно, зная, что ангелы будут помогать вам.
146;Вы утверждаете, что о ваших физических нуждах позаботятся высшие силы, и так оно и есть. Ангелы просят вас продолжать молиться, использовать визуализацию и другие методы воплощения мыслей в реальность.
147;Вы ясно видите ситуацию, ваш решения верны и ваш путь правилен. Ангелы защищают вас.
148;Ангелы помогают вам с работой и финансами. Вы чувствуете эту помощь, поэтому можете успокоиться и больше не тревожиться о материальных нуждах.
149;Не беспокойтесь – вашей карьерой управляют божественные силы. Ангелы одаривают вас полезной информацией и идеями. Просто доверьтесь им, следуйте наитию, и все образуется.
150;Сейчас для вас настало время перемен. Знайте, что Бог с любовью поддерживает вас и ваши позитивные намерения работают в вашу пользу.
151;Очень важно, чтобы вы производили запланированные перемены, настроившись на лучшее. Ваши мысли определяют результат.
152;Отнеситесь к новым идеям, ситуациям и отношениям без предубеждений. Позвольте себе испробовать необычные методы.
153;Совершайте те перемены, о которых думаете, – все пройдет хорошо. Главное, помните о служении и божественной любви, а в этом вам помогут вознесенные учителя.
154;Ангелы готовы помочь в необходимых изменениях, чтобы вы стали более счастливыми и довольными. Попросите Небеса о помощи, в особенности в том, чтобы сохранять позитивный настрой.
155;Вам обязательно нужно изменить что-то к лучшему в вашей жизни. Хватит с вас текущего положения дел – пришла пора действовать по-своему.
156;Вы твердо намерены изменить к лучшему свое финансовое положение, работу, дом или еще что-либо, относящееся к материальным вопросам. Ваше стремление вдохновлено свыше.
157;Вы на верном пути в мыслях и действиях. Так держать!
158;Вы сосредоточились на том, чтобы привлечь в свою жизнь достаток и сохранить его, и это работает. Продолжайте использовать позитивные утверждения и визуализацию, и материальные блага не заставят себя ждать.
159;Сейчас самое подходящее время, чтобы начать двигаться к цели вашей жизни. Сделайте первое же, что придет в голову и что связано с вашими духовными интересами.
160;Бог услышал ваши молитвы и ответил на них. Чтобы ответы приходили быстрее, следите за своей речью и мыслями: всегда описывайте ситуацию и себя в самых позитивных выражениях.
161;Это послание напоминает вам, чтобы вы верили в лучшее во всех сферах земной жизни: финансовой, трудовой, домашней и так далее. Позитивные мысли помогут преуспеть.
162;Будьте сильны и непоколебимы в вере. Скоро придет ответ на ваши молитвы о восполнении материальных нужд.
163;Вознесенные учителя услышали вашу просьбу о помощи и откликнулись на нее. Чтобы ответ проявился в реальности, вам нужно следить за речью и мыслями и использовать только положительные слова.
164;Ангелы избавляют вас от старых страхов и тревог, чтобы ваша жизнь улучшилась и расцвела чудесами.
165;Высшие силы полностью поддерживают вас в тех переменах, что вы собираетесь произвести дома, в работе, отношениях и других сферах жизни.
166;Очень важно, чтобы вы говорили и думали о работе, о доме и об отношениях только позитивно. Ваши слова определяют ваше будущее, так что выбирайте их с умом.
167;Вы на верном пути, и вскоре ваша жизнь улучшится. Главное – не теряйте из виду желаемый результат.
168;Чтобы финансовый поток усилился, нужно думать и говорить о деньгах только в положительном ключе.
169;Ваш интуитивный порыв начать работать над выполнением божественной жизненной задачи абсолютно верен. Повторяйте утверждение «Я с радостью выполняю свою жизненную задачу прямо сейчас», и оно станет реальностью.
170;Поздравляю – вы успешно пользуетесь средствами воплощения мечты в реальность (такими как утверждения, молитвы и так далее). Они работают!
171;Вы обрели заслуженное счастье и успех. Расслабьтесь и наслаждайтесь покоем и достатком.
172;Поверьте – Бог помогает вам принимать правильные решения.
173;Вы на верном пути. Вознесенные учителя (Иисус, святые, Гуаньинь и другие) направляют вас, защищают и поддерживают.
174;Вы прислушались к советам ангелов-хранителей, поэтому сейчас вы на верном пути – вы трудитесь над выполнением своей жизненной задачи, а мечты воплощаются в реальность.
175;Вы все делаете правильно, и ваша жизнь изменится к лучшему.
176;Вы на верном пути: ваша жизнь станет лучше, в том числе и в финансовом отношении.
177;Сейчас у вас благоприятное время, когда все ваши позитивные намерения сбываются. Тщательно выбирайте, о чем думать и что говорить, потому что слова подобны приказам, которые вы отдаете Вселенной, – она не замедлит их выполнить.
178;Все ваши позитивные мысли и утверждения усиливают приток материальных благ. Так держать!
179;Вы на верном пути к выполнению жизненной задачи. Продолжайте визуализировать и ожидайте благоприятного итога, потому что ваши ожидания определяют ваше будущее.
180;Ваш настрой на лучшее и молитвы усиливают финансовый поток.
181;Чтобы улучшить финансовое положение, используйте позитивные утверждения и визуализируйте достаток.
182;Ваша работа и доходы полностью зависят от вашего настроя. Если вы счастливы и полны веры в успех, то все будет именно так.
183;Вознесенные учителя помогают вам в медитации и дают интуитивные подсказки, особенно в области карьеры и финансов.
184;Ангелы-хранители присматривают за вами. Они предлагают препоручить им ваши тревоги и заботы о работе и деньгах.
185;Те перемены, о которых вы размышляете, улучшат ваше финансовое положение.
186;Сейчас для вас как никогда важно молиться, а также использовать позитивные утверждения и визуализацию, чтобы улучшить свое положение в сфере финансов и в других областях жизни.
187;Чтобы принять верное решение относительно карьеры, положитесь на интуицию – она подсказывает вам правильные шаги.
188;Отлично! Медитации и визуализации отворили врата для мощного денежного потока.
189;Поверьте в то, что высшие силы позаботятся о ваших доходах, в то время как вы будете заниматься выполнением жизненной задачи (в которую входят ваши духовные интересы и стремления).
190;Вас призывают посвятить себя выполнению вашей жизненной задачи. Представьте, что ваш труд является осмысленным и приносит вам счастье. Знайте, что это обязательно станет реальностью. Главное – прислушивайтесь к внутреннему голосу.
191;Оптимистичные мысли, полные уверенности, прокладывают путь к карьере мечты и к вашей жизненной цели. Идите же и не медлите!
192;Поверьте, вы готовы выполнить свою жизненную задачу, которая так необходима миру. Вы наделены всеми необходимыми для этого способностями.
193;Вознесенные учителя (святые, Иисус, Будда и другие) поддерживают вас и вашу жизненную задачу. Если вас что-то беспокоит относительно карьеры, доверьтесь учителям.
194;Ангелы услышали ваши молитвы о работе и обретении жизненной цели. Они говорят с вами посредством снов и интуитивных озарений. Прислушайтесь к советам ангелов и последуйте им.
195;Сейчас вы меняете свою жизнь, и это очень своевременно. Вы точно знаете, чего хотите и что вам абсолютно не нужно. Благодаря переменам вы двинетесь в путь к своей жизненной цели и будете помогать другим сделать то же самое.
196;Если вы тревожитесь о работе или беспокоитесь о том, как достичь своей жизненной цели, доверьтесь Духу. Сейчас все определяет ваш настрой.
197;Вы принимаете верные решения о карьере и жизненной задаче. Продолжайте использовать позитивные утверждения, потому что они и в самом деле работают!
198;Ваша жизненная задача – это и есть ответ на ваши молитвы о деньгах. Займитесь делами, которые вам интересны и в которых вы сможете полностью задействовать свои способности, и тогда высшие силы позаботятся о вас.
199;Очень важно продолжать сохранять позитивный настрой относительно карьеры и цели жизни, потому что ваши мысли определяют, каким будет итог.
200;Необъятная и безусловная любовь Бога наполняет ваши сердце и разум верой, чтобы вы смогли подняться над тем, что кажется вам трудностями. Поверьте в то, что все хорошо, потому что это так и есть.
201;Все, что вы говорите, думаете и пишете, влияет на то, какой ответ вы получите на свои молитвы. Это послание напоминает вам о том, как важно правильно подбирать слова: пусть они несут любовь и радость – и тогда радость и любовь будут с вами.
202;Бог помогает вам сохранять веру, потому что с верой возможно все.
203;Небеса услышали ваши молитвы и ответили на них. Чем больше вы в это верите, тем быстрее ответ воплотится в реальность. Просто верьте.
204;Ангелы окутывают вас целительной Божьей любовью. Откройте сердце и разум и примите божественный дар, несущий вам благословение.
205;Благодаря вере и молитвам ваша жизнь меняется к лучшему. Поверьте в то, что перемены и есть ответ, данный вам на молитвы.
206;Ваши молитвы и ваша вера поддерживают вас и восполняют материальные нужды. Превращайте тревоги в молитвы и будьте готовы принять ответы Небес.
207;Мироздание радуется и хвалит вас за то, что вы строите жизнь на молитве и преданности. Так держать!
208;Ваш оптимизм, молитвы и все те методы, которыми вы пользуетесь, чтобы воплотить мечты в реальность, обезопасили ваше финансовое положение. Ожидайте улучшения на денежном фронте: возможно, вас ждет повышение, прибавка к зарплате или неожиданный доход.
209;Вы молились об обретении своей жизненной задачи, и вот ответ для вас: «Укрепитесь в вере, доверяйте интуиции и не изменяйте своим духовным устремлениям. Верьте в то, что на духовном пути вас всегда поддержат».
210;Вы сами помогаете высшим силам отвечать на ваши молитвы, и ответ определяется вашей верой в то, что все уже хорошо. Это и есть духовная истина.
211;Пришло время подняться над тем, что кажется вам сложностями. Убедитесь, что каждое произнесенное или написанное вами слово, каждая ваша мысль наполнены верой в лучшее. Ваши желания материализуются очень быстро, поэтому желайте только лучшего и не поддавайтесь страхам.
212;Чем крепче вера, тем лучше жизнь. Доверяйте и верьте!
213;Вознесенные учителя, в особенности богини, помогают вам увидеть текущую ситуацию с точки зрения божественной любви. Чем больше в вас любви, тем лучше итог.
214;Ангелы и архангелы поддерживают вас. Вручите им страхи и тревоги, потому что чем больше в вас света радости и веры, тем лучше становится жизнь.
215;Вы прилагали усилия, чтобы изменить свою жизнь, и они принесли благоприятные результаты. Поверьте в то, что эти изменения к лучшему, потому что так и есть.
216;Небесам гораздо легче заботиться о ваших материальных нуждах, если вы сохраняете позитивный настрой. Подобное стремится к подобному.
217;Вы старательно работали над собой – над духовным, эмоциональным и умственным состоянием – и это принесло прекрасные результаты. Отлично!
218;Ангелы сообщают, что ваши мысли управляют вашими финансами. Мысли о хорошем ведут вас в направлении приумножения благ.
219;Сейчас вы сосредоточены на карьере и цели жизни. Оптимизм принесет желанные результаты, поэтому не падайте духом.
220;Небеса просят вас верить, надеяться и доверять, потому что именно это определит развитие и итог вашей текущей ситуации.
221;Чем больше вы настроены на лучшее (в мыслях и действиях, в словах произнесенных и написанных), тем лучше все пройдет для вас и ваших близких.
222;Поверьте, что все идет так, как должно, и Небеса благословляют всех участников ситуации. Не тревожьтесь и верьте.
223;Чудо исцеления грядет, и это не остановить. Оно стало возможно благодаря вашей вере и тесной связи с одним или несколькими вознесенными учителями, которые услышали ваши молитвы и ответили на них.
224;Ангелы поддерживают в вас веру, уверенность и доверие, потому что благодаря этим качествам они могут ответить на ваши молитвы.
225;Положительная энергия все сильнее проявляется в ваших словах, действиях и мыслях. Она улучшает вашу жизнь.
226;От вашей веры зависит приток материальных ценностей в вашу жизнь. Чем оптимистичней вы настроены, тем мощней приток.
227;Ваша поразительная вера и позитивный настрой вознаграждены по достоинству. Закон притяжения подобного к подобному действует!
228;Поверьте – в ответ на ваши молитвы открываются новые возможности. Войдите в распахнутые двери и примите предложенную помощь.
229;Знайте, что такой цели в жизни, как у вас, больше нет ни у кого. Поверьте в то, что вы идете к этой цели прямо сейчас. Только вы можете ее достичь.
230;Ваша связь с Небесами прочна, в особенности в те мгновения, когда вы пребываете в покое и чувствуете, что Бог и вознесенные учителя опекают вас и заботятся о вас.
231;«Все возможно верующему», – напоминают вознесенные учителя. Если вы чувствуете, что ваша вера слабеет, попросите их о помощи.
232;Не уделяйте слишком много внимания трудностям и проблемам. Сосредоточьтесь на молитвах и вере в то, что могущественные учителя любят вас, защищают и заботятся о вас.
233;Вы просили вознесенных учителей о помощи, и сейчас они с вами – как вы того и хотели.
234;У вас есть могущественные союзники: ангелы, архангелы и вознесенные учителя. Прямо сейчас они с вами, чтобы поддержать и направить вас.
235;Вознесенные учителя услышали ваши молитвы и ответили на них. Вы просили о переменах в жизни – и вот они изменяют вашу жизнь к лучшему.
236;Ваша вера непоколебима и молитвы упорны, поэтому вознесенные учителя позаботились обо всех ваших земных нуждах.
237;Ваши молитвы, медитации и другие духовные практики привели вас к гармонии с энергией любви вознесенных учителей.
238;Вознесенные учителя услышали ваши просьбы об изобилии и ответили на них. Учителя понимают, что у людей есть материальные нужды, и прямо сейчас помогают вам с ними справиться.
239;Могущественные вознесенные учителя помогают вам в выполнении жизненной задачи. Попросите их подсказать вам, что нужно сделать для продвижения в карьере или для успешной работы, и они обязательно вам помогут.
240;Бог и ангелы укрепляют вашу самооценку, уверенность и веру. Примите их помощь.
241;Благодаря тому, что вы общаетесь с ангелами, ваше сердце открыто для целительной энергии любви. Поддерживайте связь с ангелами, потому что они благословляют вас и вашу жизнь.
242;Ангелы прямо сейчас просят вас поверить в то, что все хорошо и все идет согласно Божьему плану. Все возможно верующему.
243;Ангелы и вознесенные учителя услышали ваши молитвы и откликнулись на них. Доверяйте высшим силам и позвольте им позаботиться о вас.
244;Рядом с вами всегда присутствуют могущественные ангелы, которые любят вас безусловно. Ничего не бойтесь.
245;Ангелы помогли вам устроить позитивные перемены, которые принесут в вашу жизнь чудесные благословения.
246;Ангелы услышали ваши молитвы о материальных нуждах (деньгах, доме, работе и так далее) и ответили на них.
247;Ангелы говорят, что ответ на ваши молитвы близок. Укрепитесь в вере!
248;У вас прекрасная и тесная связь с ангелами. Они заботятся обо всех областях вашей жизни, включая карьеру и финансы.
249;Ангелы шлют вам сообщения относительно вашей жизненной задачи. Возможно, эти подсказки проявятся как интуитивные ощущения или внезапные желания совершить что-то, связанное с областью ваших интересов. Доверьтесь этим побуждениям и следуйте им без промедления.
250;Высшие силы услышали ваши молитвы о позитивных изменениях в вашей жизни и ответили на них. Чем глубже ваша вера в то, что перемены действительно произойдут, тем лучше будет результат.
251;Сейчас штурвал вашей жизни находится в ваших руках. Очень важно, чтобы вы придерживались оптимистичного взгляда на все перемены, которые вы задумали или производите сейчас, – мысль определяет результат.
252;Будьте уверены: ваши недавние решения правильны. Продолжайте воплощать в жизнь свои планы – все будет хорошо.
253;Вы размышляете о запланированных переменах в жизни. Вы на верном пути – эти перемены и есть ответ на ваши молитвы.
254;Ангелы присматривают за тем, как вы меняете свою жизнь к лучшему. Попросите их направлять вас на каждом шагу и верьте в то, что помощь придет.
255;Ваша жизнь меняется к лучшему – просто поверьте в это.
256;Перемены, которые вы сейчас производите в своей жизни, помогут вам лучше заботиться о себе и своих близких.
257;Вы движетесь в верном направлении – не сходите с пути.
258;Ваше финансовое положение скоро изменится к лучшему – вы получите прибавку к зарплате, либо ваш бизнес принесет больше денег, либо вы получите неожиданный доход.
259;Вы меняете свою жизнь, чтобы выполнить свою жизненную задачу. Поверьте в то, что у перемен есть и духовный смысл.
260;Бог услышал ваши молитвы о материальных нуждах (о деньгах, жилье и так далее) и ответил на них. Верьте.
261;Материальный достаток тесно связан с тем, как вы мыслите. Чем более оптимистичен ваш подход, тем проще высшим силам ответить на ваши молитвы.
262;Поверьте в то, что Небеса позаботятся о ваших нуждах и не оставят вас и вашу семью. Вера будет вознаграждена!
263;Вознесенные учителя услышали и ответили на ваши молитвы о материальных нуждах, таких как пища, жилье и так далее.
264;Верьте, что ангелы защищают и заботятся о вас и ваших близких. Это правда.
265;Сейчас вы находитесь в эпицентре перемен. Не бойтесь. Худшее уже позади, а перемены ведут только к лучшему – вам станет легче заботиться о себе и о семье.
266;Сосредоточьтесь на мысли о том, что все материальные блага исходят от духовного источника. Если думать о бедности и нужде, то они притянутся к вам по закону подобия. Пришло время укрепиться в вере, ибо вера будет вознаграждена.
267;Вы мыслите в верном направлении о том, как улучшить свое финансовое положение. Придерживайтесь выбранного курса, думайте о деньгах позитивно, и прогресс не заставит себя ждать.
268;Очень важно сохранять духовный подход к деньгам. Всегда помните, что ваш Источник – в вас и вокруг вас. Поблагодарите за улучшение благосостояния – и оно улучшится.
269;Вы посвятили себя трудам по выполнению жизненной задачи, и высшие силы поддерживают вас материально и обеспечивают ваши нужды.
270;Мироздание радуется вашей крепкой вере, благодаря которой ваши свет и любовь сияют так ярко.
271;Ваша вера и позитивное мышление ведут вас к исполнению всего, о чем вы мечтаете.
272;Верьте: вы поступаете правильно.
273;Благодаря вашим молитвам и помощи вознесенных учителей вы движетесь в верном направлении.
274;Ангелы просят вас верить в себя и в свои действия, потому что вы все делаете правильно.
275;Перемены, которые вы сейчас совершаете, положительно повлияют на вашу жизнь. Уверенно действуйте согласно своим планам.
276;Поздравляю! Ваша вера и уверенные действия привели вас на правильный путь – ваша жизнь обязательно улучшится.
277;Вы усердно молились и внимательно прислушивались к интуиции. Пока вы следуете советам высших сил, вы под их защитой и все будет хорошо.
278;Вы визуализировали процветание и следовали интуитивным подсказкам – благодаря этому вы обрели источник достатка.
279;Поверьте – вы на верном пути к выполнению своей жизненной задачи.
280;Поверьте в то, что Бог с любовью позаботился обо всех ваших нуждах.
281;Чем оптимистичней и позитивней вы думаете о финансах, тем лучше все образуется.
282;Прислушайтесь к тому, что говорит о работе и финансах ваш внутренний голос. Позитивный настрой позволит вам услышать нужную информацию.
283;Положитесь на вознесенных учителей, в особенности на тех, с кем вы чувствуете духовную связь. Они позаботятся о ваших материальных нуждах.
284;Ангелы укрепляют вашу веру и увеличивают финансовый поток.
285;Вскоре ваше финансовое положение изменится к лучшему. Этого не избежать!
286;Не беспокойтесь! Вы получите достаточно денег, чтобы хватило на оплату всех счетов и на все ваши материальные нужды.
287;Все, что вы делаете, работает на увеличение вашего финансового потока. Так держать.
288;Ваши вера, надежда и доверие отворили врата для потока материальных благословений.
289;Сосредоточьтесь на выполнении своей жизненной задачи и поверьте в то, что высшие силы поддержат вас финансово.
290;Воля Бога состоит в том, чтобы вы выполнили свою жизненную задачу, поэтому вы имеете полное право посвящать ей время и силы.
291;Доверьтесь руководству высших сил в том, что касается вашей жизненной задачи. Прямо сейчас вам не нужно знать о ней все – просто верьте и следуйте внутреннему чутью.
292;Каждый день отводите немного времени на то, чтобы визуализировать ту работу, которая радует вас и полна смысла. Визуализация помогает желаемому проявиться в реальности.
293;Вознесенные учителя настоятельно просят вас сосредоточиться на вашей жизненной задаче, которая совпадает с вашими духовными стремлениями и интересами.
294;Ангелы полностью поддерживают вас, потому что вы посвящаете время и силы работе над выполнением вашей жизненной задачи.
295;Поверьте: те перемены, о которых вы думаете или которые происходят с вами сейчас, помогут вам уделять больше внимания вашей жизненной задаче.
296;Поверьте, вы получите то материальное, которое нужно для выполнения вашей жизненной задачи. Просите и будьте готовы принять ответ.
297;Верьте: вы на правильном пути к своей жизненной цели. Все хорошо.
298;Вы молились о том, чтобы обрести работу, которая будет полна смысла и принесет хороший доход. Ваши молитвы были услышаны, и ответ на них близок. Помните о своей жизненной цели, и ваше положение, включая финансы, улучшится.
299;Верьте в свою жизненную цель. Она достижима, она нужна в этом мире, и вы уже готовы к тому, чтобы трудиться над ее достижением.
300;Вознесенные учителя и Бог поддерживают и защищают вас, заботятся о вас и любят вас безусловно – сейчас и всегда!
301;Вместе с Богом и вознесенными учителями вы создаете ответы на молитвы, и чем возвышенней и позитивней ваши мысли, тем быстрей это происходит.
302;Ваше сердце наполнено верой, которая отворила врата для небесной помощи.
303;Бог и вознесенные учителя услышали ваши молитвы и ответили на них.
304;Небеса услышали ваши молитвы, и сейчас высшие силы действуют вам во благо. Доверьте им свои тревоги и страхи, мыслите позитивно, ведь сейчас все складывается именно так, как нужно.
305;В вашей жизни настал период перемен. Бог и вознесенные учителя будут рядом на каждом шагу вашего пути.
306;Бог и вознесенные учителя сейчас пребывают с вами – доверьте им все ваши тревоги.
307;Отлично! Вы прислушались к голосу божественной мудрости и последовали его советам. Сейчас вашими действиями руководят мудрость и любовь.
308;Бог и вознесенные учителя поддерживают вас во всех сферах жизни, включая работу и финансы.
309;Так как вы прислушались к исполненной любви божественной мудрости, сейчас вы начинаете путь к своей жизненной цели.
310;Высшие силы обращаются к вам с настоятельной просьбой сохранять чистоту, ясность и бодрость духа. Если вам в этом нужна помощь, обратитесь к Богу и вознесенным учителям – они поддержат вас.
311;Так как рядом с вами находятся мудрые и любящие вознесенные учителя, ваши мысли обретают удивительную силу и мгновенно воплощаются в реальность. Сосредоточьтесь на любви и доброте.
312;Небеса поддерживают вас в вере и оптимизме – это необходимо, чтобы вознесенные учителя смогли наиболее полно ответить на ваши молитвы.
313;Положитесь на энергию доброты и любви, исходящую от вознесенных учителей. Сейчас они рядом с вами и помогают вам настроиться на счастье.
314;Вас окружают вознесенные учителя и ангелы, поэтому вы обязательно преуспеете. Сейчас самое главное для вас – сосредоточиться на желаемом итоге.
315;Вознесенные учителя помогают вам менять жизнь к лучшему и ощущать силу, уверенность и оптимизм.
316;Могущественные вознесенные учителя помогают вам и заботятся обо всех ваших материальных нуждах. Верьте им и принимайте их поддержку, помните, что они всегда с вами.
317;Вознесенные учителя радуются вашим решениям и действиям. Сохраняйте бодрость духа и следуйте по новому прекрасному пути.
318;Вы молились о финансовой поддержке: вознесенные учителя услышали вас и ответили на молитвы. Теперь все, что от вас требуется, – это сохранять позитивный настрой и следовать подсказкам, которые Небеса посылают вам.
319;Вознесенные учителя подают вам мысли и идеи относительно вашей жизненной задачи. Обратите внимание на эти подсказки, потому что это и есть ответ на ваши молитвы о цели в жизни.
320;Бог и вознесенные учителя окутывают вас целительной любовью и поддержкой, помогают вам ощущать уверенность в том, что все идет согласно божественному плану.
321;Доверьте тревоги вознесенным учителям (например, святым, Иисусу, Будде и другим), и они заменят ваш страх верой.
322;Вознесенные учителя настоятельно просят вас держаться своей веры, чтобы вы смогли ощутить ее силу, которая привлечет к вам все, чего вы желаете.
323;Ваша чистая детская вера привлекла к вам на помощь вознесенных учителей, которые любят вас и находятся с вами прямо сейчас. Они готовы ответить на ваши молитвы.
324;Вас окружают могущественные ангелы-хранители, архангелы и вознесенные учителя. Всемогущая божественная любовь придает вам уверенности в том, что все будет хорошо.
325;Мудрые и любящие вас вознесенные учителя помогают совершать те перемены, которые вы задумали или которые производите прямо сейчас. Следуйте по своему пути в уверенности, что вы поступаете правильно.
326;Доверьте страхи и тревоги о материальных нуждах вознесенным учителям – они усилят вашу веру и позаботятся о вас.
327;Вознесенные учителя рады тому, как вы проходите свой жизненный путь. Чем больше вы доверяете интуиции, тем лучше становится ваша жизнь.
328;Благодаря вашей вере и молитвам вознесенным учителям в вашей жизни начался приток изобилия (в финансовой и других сферах).
329;Поверьте, что вознесенные учителя помогают вам в достижении жизненной цели, потому что это правда.
330;Вы и ваша жизнь наполнены любовью Бога и вознесенных учителей. Откройте сердце, примите эту любовь, и она поддержит вас.
331;Вознесенные учителя напоминают вам, что их жизни сами по себе являются свидетельством силы позитивного мышления. Чтобы все произошло так, как вам нужно, говорите, мыслите и пишите в положительном ключе.
332;Поверьте, что вознесенные учителя услышали ваши молитвы и ответили на них. Они помогают вам и заботятся о вас.
333;Благие вознесенные учителя находятся рядом с вами: они защищают вас, любят и заботятся о вас.
334;Ваша духовная связь с ангелами, архангелами и вознесенными учителями прочна, вы хорошо их слышите.
335;Вознесенные учителя защищают вас. В то время как вы переживаете необходимые и правильные перемены в жизни, они помогают вам.
336;Вознесенные учителя услышали ваши молитвы о помощи в материальных нуждах (таких как оплата счетов, деньги на еду и жилье и так далее) и ответили на них.
337;Вознесенные учителя находятся рядом с вами. Они уверяют, что вы верно их слышите и следуете их наставлениям.
338;Приготовьтесь принять все дары, что посылают вам вознесенные учителя. Не бойтесь принимать их!
339;Вознесенные учителя полностью поддерживают вас и цель вашей жизни. Попросите их помочь вам на духовном или карьерном пути.
340;Небеса заботятся о вас и отвечают на ваши молитвы.
341;Ваша жизнь улучшается благодаря помощи ангелов, архангелов и вознесенных учителей, которые заботятся о вас и ваших близких.
342;Молитвы укрепили вашу веру и связь с ангелами и вознесенными учителями. Это помогает вам во всех сферах жизни.
343;Ваши духовные практики и верность привлекают к вам помощь и заботу ангелов, архангелов и вознесенных учителей.
344;Вы любите ангелов и вознесенных учителей, а они любят вас. Между вами существует тесная связь.
345;Небеса помогают вам совершить необходимые положительные перемены в жизни.
346;Ангелы, архангелы и вознесенные учителя услышали ваши молитвы о материальных нуждах и ответили на них.
347;Благодаря вашей тесной связи с ангелами, архангелами и вознесенными учителями вы получаете божественные наставления и советы и следуете им. Отлично, так держать!
348;Ангелы и вознесенные учителя помогают вам подключиться к вселенскому потоку изобилия. Подставьте руки и принимайте!
349;Ангелы, архангелы и вознесенные учителя помогают вам и поддерживают вас на пути к цели жизни.
350;Перемены, которые сейчас происходят в вашей жизни, пришли свыше. Они принесут благословение всем участникам.
351;Знайте: Небеса поддерживают вас в вашем стремлении изменить свою жизнь согласно духовным ценностям.
352;Уверенно двигайтесь к мечте и верьте в то, что Небеса направляют каждый ваш шаг.
353;Вознесенные учителя находятся рядом, защищают и поддерживают вас, в то время как вы меняете свою жизнь к лучшему.
354;Небеса помогают вам изменить жизнь к лучшему.
355;Благодаря вашим молитвам и помощи вознесенных учителей ваша жизнь вскоре необратимо изменится к лучшему.
356;Поскольку вы следуете божественным наставлениям и советам, ваша жизнь становится все легче. Худшее позади.
357;Отлично! Вы прислушались к своей интуиции и сейчас на пути к удивительным переменам.
358;Вознесенные учителя настоятельно просят вас произвести изменения в сфере работы и финансов. Прислушайтесь к интуиции, следуйте ее подсказкам, и вознаграждение не заставит себя ждать.
359;Перемены, которые вы задумали или уже совершаете, и есть ответ на ваши молитвы о жизненной задаче. Подсказки вознесенных учителей верны и достойны доверия.
360;Небеса помогают вам и заботятся о ваших нуждах. Доверьте свои тревоги и волнения Богу и вознесенным учителям.
361;Небеса услышали ваши сетования о материальной нужде и ответили на них. Если тревоги захлестывают вас, молитесь о помощи.
362;Верьте, что вам помогают могущественные и любящие вознесенные учителя. Они позаботятся о вас и вашей семье.
363;Ответы на ваши молитвы воплощаются в реальность!
364;Вас окружают ангелы, архангелы и вознесенные учителя, которые поддерживают вас и вашу семью.
365;Прислушайтесь к голосу своей интуиции и следуйте ему – он подсказывает вам путь к переменам, которые улучшат ваше здоровье, финансовое положение и другие важные сферы жизни.
366;Помните о духовном и сосредоточьтесь на любви. Чем больше вы любите себя и других, тем лучше все сложится.
367;Вы правы в том, что следуете своей интуиции – она подсказывает ответы на ваши молитвы.
368;Продолжайте молиться, медитировать и следовать советам Небес – это помогает улучшить все сферы вашей жизни, включая финансовую.
369;Небеса услышали ваши молитвы о поддержке в выполнении жизненной задачи и ответили на них. Вы идете верным курсом.
370;Вы находитесь в идеальной гармонии с Богом и вознесенными учителями. Продолжайте прислушиваться к интуиции и следовать ее подсказкам – она указывает вам верное направление.
371;Благодаря молитвам вы установили тесную связь с вознесенными учителями, и поэтому вы хорошо слышите их советы и следуете им. Так держать!
372;Доверяйте ощущению, что вы находитесь на правильном пути. Это правда.
373;Вы идете в верном направлении, а рядом с вами идут могущественные и любящие вознесенные учителя.
374;Небеса радуются вашим решениям и действиям! Продолжайте в том же духе.
375;Поздравляю вас с тем, что вы приняли верное решение, – это и есть ответ на ваши молитвы.
376;Вознесенные учителя дают вам хорошие советы о способах улучшить свою жизнь. Прислушайтесь к их мудрости: вы узнаете ее в собственных чувствах, мыслях, идеях и голосе интуиции.
377;Отлично! Вы спрашивали совета у высших сил и сейчас в точности следуете полученным наставлениям.
378;Вознесенные учителя говорят, что вы на верном пути – вас ждет изобилие.
379;Продолжайте молиться и ожидать советов свыше о вашей работе или карьере – они последуют, так как вы находитесь на верном пути к выполнению своей жизненной задачи.
380;Бог и вознесенные учителя приглядывают за вами и полностью во всем поддерживают.
381;Вознесенные учителя настоятельно просят вас использовать позитивные слова и формулировки, когда вы говорите, думаете и пишете о своем финансовом положении.
382;Продолжайте верить, что ваша жизнь, в особенности ее финансовая составляющая, улучшится. Вера способна сдвинуть горы!
383;Позвольте Небесам позаботиться о ваших деньгах и других земных проблемах, ведь высшие силы поддерживают вас и заботятся о вас с любовью.
384;Ангелы и вознесенные учителя услышали ваши молитвы об улучшении финансового положения и ответили на них.
385;Перемены, о которых вы размышляете или которые совершаете сейчас, благословлены свыше и приумножат ваш доход.
386;Предоставьте заботы о вашей работе и деньгах вознесенным учителям, потому что они готовы поддерживать вас во всем.
387;Вы молитесь и прислушиваетесь к наставлениям свыше, поэтому вы на верном пути и для вас открыты врата вселенского изобилия!
388;Благодаря молитве вы тесно связаны с вознесенными учителями и для вас отворились врата небесного изобилия: вы получите деньги, время, любовь, здоровье и все, чего только пожелаете.
389;Небеса полностью вас поддерживают – как финансово, так и морально. Следуйте своей интуиции относительно выбора работы или карьеры.
390;На вас изливаются Божий свет и любовь, которые поддерживают вас и направляют по пути осмысленной карьеры.
391;Вознесенные учителя просят мыслить позитивно о карьере и о вашей высшей цели, потому что помыслы определяют результат.
392;Поверьте, вы готовы и обладаете всеми нужными навыками для выполнения своей жизненной задачи… Начните этот труд прямо сейчас.
393;Вы молились о том, что вам в жизни и в работе необходим смысл. Вознесенные учителя услышали ваши молитвы и ответили на них. Следуйте внутреннему голосу – и вы обретете истину.
394;Ангелы, архангелы и вознесенные учителя полностью поддерживают вас и одобряют вашу жизненную цель.
395;Ваша интуиция подсказывает, что нужно изменить в жизни, чтобы обрести свой путь к жизненной цели.
396;Позвольте вознесенным учителям забрать ваши тревоги и страхи о смысле жизни. Учителя слышат ваши молитвы и отвечают на них.
397;Вы на верном пути к вашей жизненной задаче.
398;Пока вы уделяете время и силы тому, чтобы выполнить свою жизненную задачу, Небеса сами заботятся обо всем, что вам нужно.
399;Ваша цель жизни – это то, что нужно миру прямо сейчас. Вознесенные учителя настоятельно просят вас безотлагательно взяться за этот труд. Попросите их обо всем, что вам может понадобиться, – о поддержке, отваге или информации.
400;Бог и ангелы окутывают вас любовью и блаженством и защищают вас.
401;Это послание от Бога и ангелов: мыслите оптимистично, сосредоточьтесь на желаниях, а не на страхах.
402;Бог и ангелы укрепляют вашу веру – она необходима для того, чтобы желаемое воплотилось в жизнь.
403;Прямо сейчас Бог, ангелы и вознесенные учителя находятся рядом с вами, окружая вас любовью и обеспечивая дополнительную поддержку. Призовите их помочь вам справиться с текущей ситуацией и следуйте их советам.
404;У вас есть покой и все остальное, чего вы желаете, – ведь вы никогда не забываете о Боге и ангелах. Просите их о помощи в чем угодно.
405;Бог и ангелы помогают вам менять свою жизнь к лучшему.
406;Ваши молитвы о материальной поддержке (о деньгах, продуктах, жилье и так далее) услышали высшие силы. Вам дан ответ. Предоставьте Богу и ангелам обо всем позаботиться.
407;Небеса дают вам знак, что вы движетесь в правильном направлении. Не отклоняйтесь от курса!
408;Бог и ангелы отвечают на ваши молитвы о финансовой поддержке. Приготовьтесь принять их помощь, которая может оказаться голосом интуиции, свежей идеей или проявиться посредством заботы окружающих.
409;Небеса поддерживают и направляют вас – они подсказывают способ сделать так, чтобы ваша работа обрела эмоциональный и духовный смысл.
410;Позитивные утверждения и визуализация помогают Небесам отвечать на ваши молитвы. Поддерживайте оптимистичный настрой, потому что он действует!
411;Ангелы здесь и готовы поделиться с вами знаниями и советами. Осталось только попросить.
412;Ангелы говорят, что ваши молитвы услышаны. Чтобы услышать ответ, нужно сохранять веру в лучшее. Попросите ангелов помочь вам в этом.
413;Ничего не бойтесь, потому что вас защищают и поддерживают любящие ангелы, архангелы и вознесенные учителя.
414;Ангелы приносят вам мысли и идеи свыше. Доверьтесь Небесам и начните воплощать то, что вас заинтересовало.
415;Ангелы помогают вам изменить жизнь к лучшему и просят вас не волноваться и довериться им.
416;Вы молились о том, чтобы жизнь изменилась к лучшему. Ангелы услышали вас и дали ответ. Чтобы перемены как можно быстрей стали реальностью, не теряйте положительный настрой.
417;Ангелы хотят сказать вам, что ваши молитвы, утверждения и визуализации привели к тому, что ваши мечты скоро сбудутся!
418;Ваши оптимизм и связь с ангелами открыли врата изобилия. Продолжайте в том же духе!
419;Вы вместе с ангелами трудитесь над выполнением вашей жизненной задачи. Продолжайте общаться с ангелами, и вы всегда будете знать, что делать дальше.
420;Ваши молитвы, вера и чистое сердце поддерживают вашу связь с Небесами. Прямо сейчас Бог и ангелы с любовью помогают вам.
421;Ангелы говорят: «Отчетливо представьте себе желаемое и думайте о нем уверенно и с оптимизмом. Ваши мысли и вера помогут желаемому стать реальностью».
422;Ангелы настоятельно просят вас сохранять веру в то, что ответ на ваши молитвы близок. Это правда.
423;Поверьте – Небеса помогают вам и поддерживают прямо сейчас.
424;Ангелы укрепляют вашу веру, потому что знают: именно благодаря ей исход ситуации будет благоприятным.
425;Вы задумываетесь о переменах, которые изменят жизнь к лучшему, и верно понимаете сообщения ангелов. Попросите их помочь вам выполнить задуманное.
426;Лишь молитвы и целеустремленность принесут вам желанную материальную поддержку, тревоги, напротив, все усложнят. Просите ангелов укрепить вас в вере.
427;Ангелы радуются вашей непоколебимой вере. Вы на верном пути.
428;Ваши вера и тесная связь с ангелами открыли путь к финансовой безопасности.
429;Вы этого не видите, но ангелы старательно трудятся, чтобы поддержать вас и помочь с выполнением жизненной задачи.
430;Все духовные сущности Небес услышали ваши молитвы, ответили на них и прямо сейчас трудятся на ваше благо.
431;Чем более оптимистично вы настроены, тем проще вам расслышать любящие и заботливые подсказки ангелов и вознесенных учителей.
432;Поверьте, вы правильно понимаете божественные наставления, которые вам передают ангелы и вознесенные учителя. Их советы могут являться как ощущения, мысли, видения или знаки.
433;Ангелы и доброжелательные божества находятся рядом с вами, полностью поддерживают вас и искренне любят.
434;Доверьте все заботы и тревоги ангелам и вознесенным учителям – они прямо сейчас окутывают вас целительной любовью.
435;Вы правильно поступили, прислушавшись к голосу интуиции и совершив определенные перемены в жизни. Принятые вами решения – это и есть ответ на ваши молитвы.
436;Ангелы и вознесенные учителя услышали ваши молитвы и ответили на них. Ваши материальные нужды будут удовлетворены.
437;Вы в точности следуете божественным наставлениям, поэтому находитесь на верном пути.
438;Ангелы и вознесенные учителя говорят, что они работают над тем, чтобы помочь вам материально.
439;Поговорите с ангелами и вознесенными учителями о смысле вашей жизни и безотлагательно последуйте их советам.
440;Бог и ангелы искренне любят вас и помогают вам в текущей ситуации.
441;Ангелы и архангелы говорят, что ваши мысли так быстро воплощаются в реальность, что вам стоит постараться думать только о действительно желаемом. Попросите ангелов помочь вам мыслить позитивно.
442;Ангелы и архангелы просят вас верить в лучшее, потому что ваш оптимизм помогает им отвечать на молитвы.
443;Вознесенные учителя и ангелы защищают и любят вас. Они услышали ваши молитвы и пришли на помощь.
444;Ангелы повсюду – рядом с вами и вокруг вас. Множество обитателей Небес вас любят, защищают и поддерживают. Ничего не бойтесь.
445;Ангелы одобряют и поддерживают те перемены, которые вы совершаете или обдумываете. Смело приступайте к выполнению планов.
446;Ангелы помогают вам и заботятся о ваших материальных нуждах, таких как деньги, жилье, еда и так далее.
447;Ангелы радуются за вас, потому что вы на верном пути к воплощению мечты!
448;Ангелы и архангелы помогают вам с финансами, поэтому тщательно прислушивайтесь к внезапно возникающим мыслям. Позитивные мысли, мотивирующие на действие, и есть советы ангелов. Ожидайте улучшения в состоянии финансов – оно уже близко.
449;Ангелы и могущественные архангелы поддерживают вас в духовной работе и в трудах по выполнению жизненной задачи. Уверенно идите к работе своей мечты.
450;Бог и ангелы поддерживают вас в этот период перемен. Позвольте обитателям Небес унять ваши страхи и тревоги.
451;Ангелы говорят, что вы меняетесь в верном направлении. Теперь от вас нужна только вера в лучшее.
452;Ангелы укрепляют вашу веру и уверенность в том, что вы задумали правильные изменения.
453;Не сомневайтесь – меняйте все, что хотите изменить, потому что ангелы и вознесенные учителя полностью поддерживают и защищают вас.
454;Те перемены, о которых вы размышляете, подсказали вам ангелы-хранители и вознесенные учителя. Вы сами – ответ на ваши молитвы, поэтому не бойтесь и начинайте путь к переменам.
455;Не тревожьтесь о тех внезапных серьезных переменах, которые сейчас происходят в вашей жизни. Их послали ангелы в ответ на ваши молитвы. Ангелы поддерживают вас, в то время как на вас нисходит благословение.
456;Сейчас вы меняете или собираетесь изменить свою жизнь. Доверьте тревоги ангелам, потому что перемены принесут великое благословение.
457;Вы на верном пути и совершаете правильные перемены. Ангелы с вами на каждом шагу этого пути.
458;Доверьтесь тому, что подсказывает сердце, потому что ваши действия в настоящем – это вклад в ваше будущее.
459;Ангелы помогли вам совершить те перемены, которые выведут вас на путь к жизненной цели.
460;Бог и ангелы заботятся о ваших земных нуждах. Сосредоточьтесь на духовной любви и позвольте Небесам сделать все остальное.
461;Вместе с ангелами вы сами создаете ответы на свои молитвы. Ваша задача сейчас – сохранять позитивный настрой. Попросите ангелов помочь вам и с этим тоже.
462;Ангелы просят вас «укрепиться в вере» и помнить, что ответ на молитвы близок. Скоро вы увидите, что ангелы много потрудились, чтобы помочь вам.
463;Вы молились, и помощь пришла! На ваше благо трудятся вознесенные учителя, ангелы-хранители и архангелы.
464;Ангелы поддерживают вас во всем. Они окутали вас божественной любовью и защитой.
465;Следуйте внутреннему голосу, который указывает, как следует изменить жизнь к лучшему. Перемены и станут ответами на ваши молитвы.
466;Позвольте ангелам позаботиться о ваших земных нуждах (таких как деньги, работа, отношения, дом и так далее). Пусть каждое ваше слово станет молитвой, и вскоре вы увидите и почувствуете новый свет в вашей жизни.
467;Ангелы говорят, что вы на верном пути и пожинаете добрые плоды своих трудов, духовных и материальных. Идите по этому пути и впредь.
468;Ангелы услышали ваши молитвы о финансовой помощи и ответили на них. Теперь они просят вручить им ваши тревоги и заботы. Все хорошо.
469;Ангелы помогают вам оплачивать еду, жилье и другие расходы, в то время как вы уделяете все внимание смыслу своей жизни.
470;Ваши духовные практики и вера привели вас на верный путь. Вы именно там, где должны быть в настоящее время.
471;Чем добрее и позитивнее ваши мысли и слова, тем лучше вы себя будете чувствовать.
472;Ангелы просят вас верить, что все идет согласно божественному плану.
473;Любящие ангелы и вознесенные учителя хранят вас и ваших близких и поддерживают вас во всем. Позвольте Небесам позаботиться о том, что вас тревожит.
474;Ангелы рады тому, что вы принимаете правильные решения, и просят вас и дальше продолжать в том же духе.
475;То, что вы сейчас сделали или задумали, переменит вашу жизнь к лучшему. Ангелы приглядывают за тем, чтобы эти перемены проходили мягко и плавно.
476;Ангелы желают, чтобы вы знали: они услышали ваши молитвы о финансах и других нуждах и ответили на них. Все хорошо.
477;Вы правильно расслышали то, что ангелы хотели вам сообщить. Вы последовали советам свыше и поэтому движетесь навстречу мечте.
478;Ангелы говорят, что вы все делаете правильно для улучшения своего финансового положения.
479;Все идеи и мысли о работе или карьере, которые сейчас приходят вам в голову, на самом деле вдохновлены ангелами.
480;Готовьтесь принять изобилие, которое шлют вам Небеса. Каждый день обращайте внимание на то, какие дары вы получаете.
481;Ангелы помогают вам сохранять позитивный и оптимистичный настрой по поводу финансов, и поэтому врата изобилия вскоре отворятся перед вами.
482;Поверьте: ангелы поддерживают вас во всем.
483;Ангелы, архангелы и вознесенные учителя услышали ваши просьбы о финансовой помощи и ответили на них.
484;Вас окружают любящие и заботливые ангелы. Они помогают вам во всем, включая работу и финансы.
485;Ангелы помогают вам изменять и улучшать вашу карьеру и финансовое положение ради вашего высшего блага.
486;Ангелы заверяют, что помогут вам оплатить все счета и позаботятся обо всем том материальном, в чем нуждаетесь вы и ваши близкие. Доверьтесь ангелам и помните, что все хорошо.
487;Вы верно слышите советы ангелов относительно работы и финансов и тщательно их выполняете. Поэтому вы на верном пути к воплощению всего, о чем мечтаете.
488;Ангелы помогают вам обрести изобилие и воплотить в жизнь ответы на ваши молитвы.
489;Поверьте: ангелы поддерживают вас, в то время как вы выполняете свою жизненную задачу и работаете над ее духовным наполнением.
490;Бог и ангелы присматривают за тем, как вы строите карьеру и трудитесь над своей жизненной задачей.
491;Чем оптимистичней вы относитесь к своей работе или карьере, тем лучше все становится.
492;Поверьте: ангелы помогают вам в поиске работы, исполненной духовного смысла.
493;Ангелы, архангелы и вознесенные учителя услышали ваши молитвы о помощи с работой и смыслом жизни и ответили на них.
494;Ангелы всегда рядом. Они направляют каждый ваш шаг на пути к выполнению жизненной задачи.
495;Ангелы поддерживают вас в решении совершенно изменить свою жизнь, чтобы полностью посвятить себя трудам в области духовного.
496;Ангелы уверяют, что у вас будет достаточно денег на оплату счетов и на жизненные нужды. Не бойтесь посвящать время трудам, соответствующим вашим духовным интересам.
497;Ангелы говорят, что вы сейчас сосредоточились на своей жизненной цели – и это правильный поступок.
498;Ангелы поддерживают вас и ваши духовные труды.
499;Ангелы просят вас посвящать время и силы своим духовным интересам и жизненной задаче.
500;Ваша вера дала вам доступ к неисчерпаемой сокровищнице Божьей мудрости. Следуйте указаниям Бога, чтобы произвести здоровые перемены в своей жизни.
501;Сейчас вы меняете свою жизнь, поэтому важно быть мудрым и принимать во внимание каждую мелочь. Продолжайте верить в лучшее и молиться Богу.
502;Верьте – те перемены, которые вы начали или только собираетесь начать, вдохновлены мудростью и любовью Бога.
503;Небеса помогают вам улучшать и менять вашу жизнь. Ваши идеи о необходимости перемен вдохновлены Богом и вознесенными учителями, которые заботятся о вас и ваших близких и защищают вас и их.
504;Осознавайте свои мысли и чувства и следуйте им, потому что они подают вам идеи о том, как сделать жизнь лучше.
505;Бог и духовность – самое важное в вашей жизни. Теперь, когда вы это осознали, все изменится. Верьте и знайте, что эти изменения и есть ответ на ваши молитвы и что Бог защищает вас и заботится о вас.
506;Бог заботится обо всех ваших материальных нуждах и улучшает обстановку дома и на работе.
507;Бог говорит, что запланированные вами перемены ведут в верном направлении. Выполняйте задуманное.
508;Молитвы и произошедшие в вашей жизни перемены принесли результат – финансовый поток увеличился.
509;Перемены в жизни подготавливают вас к достижению жизненной цели.
510;Поздравляю! Новые духовные практики очистили ваши мысли и позволили вам достичь новой духовной частоты. Продолжайте мыслить позитивно, потому что за благими помыслами следуют перемены к лучшему.
511;Постарайтесь избавиться от давней привычки к негативу и обретите новый позитивный подход к жизни.
512;Продолжайте укрепляться в вере и мыслить позитивно, потому что это ощутимо меняет вашу жизнь к лучшему.
513;Вознесенные учителя и ваши позитивные утверждения меняют вашу жизнь.
514;Если у вас есть какие-либо вопросы или сомнения относительно перемен в жизни, обратитесь к ангелам – они помогут вам ощутить себя уверенней и предпринять необходимые шаги.
515;Вы обрели новый, более позитивный подход к жизни. Это значит, что ваши взаимоотношения с людьми, а также иные сферы жизни непременно изменятся к лучшему.
516;Перемены, которые вы совершаете, а также вера в лучшее и оптимизм помогают вам радоваться каждому дню.
517;Продолжайте придерживаться оптимистичного взгляда на жизнь и практиковать положительные утверждения – это принесет благие перемены.
518;Вы стали мыслить о деньгах более оптимистично и духовно, поэтому врата изобилия открылись для вас.
519;Думайте о работе или карьере позитивно. Постарайтесь не беспокоиться и не жаловаться на происходящее в этой области, так как ваши мысли прокладывают вам путь.
520;Доверьтесь Небесам – они совершают чудеса и меняют вашу жизнь к лучшему.
521;Скоро вы увидите, что для вас открываются новые возможности и новые отношения. Помните о том, как важен оптимистичный подход, и о том, что необходимо думать, говорить и писать позитивно.
522;С верой возможно все! Поверьте, что Небеса услышали вашу просьбу изменить жизнь к лучшему и дали ответ.
523;Вознесенные учителя просят вас отринуть старое и принять новое.
524;Ангелы и архангелы присматривают за вашими новыми замыслами и делами и помогают воплощать ваши мечты в реальность.
525;Верьте: большие перемены в вашей жизни ведут к лучшему. Все скоро придет в порядок.
526;Верьте: благодаря применению новых методов и подходов ваша жизнь улучшается во всех сферах, включая финансы, здоровье и отношения.
527;Ваше решение совершить перемены было верным. Придерживайтесь выбранного курса!
528;Верьте: ваши новые задумки приведут к финансовому успеху.
529;Ваша интуиция подсказывает, как построить карьеру, исполненную духовного смысла, – это и есть ваша жизненная задача.
530;Бог и вознесенные учителя советуют вам выбирать здоровый образ жизни и как следует заботиться о себе.
531;Оптимистично относитесь к тем переменам, которые вы совершаете или задумали, так как эта идея вдохновлена свыше.
532;Доверьтесь вознесенным учителям – они придают вам смелости и вдохновения, чтобы улучшить вашу жизнь.
533;Вы молились о подсказках и идеях, как улучшить свою жизнь. Вознесенные учителя, которые защищают и любят вас, услышали эти просьбы и ответили на них.
534;Сейчас вы в процессе больших перемен в жизни. Эти перемены к лучшему, и ангелы и вознесенные учителя полностью вас поддерживают.
535;Перед вами открываются новые горизонты. Сосредоточьтесь на духовном и не забывайте молиться.
536;Вознесенные учителя говорят, что благодаря вашей сосредоточенности на духовном вы легче переносите стресс повседневной жизни.
537;Идея тех перемен, что вы совершаете, пришла к вам свыше.
538;Ваше финансовое положение улучшается благодаря тому, что вы молились вознесенным учителям и точно следовали их наставлениям.
539;Вознесенные учителя говорят, что ваша жизнь меняется к лучшему, особенно в плане духовного смысла вашей работы или карьеры и вашей жизненной цели.
540;Бог и ангелы настоятельно советуют вам повысить качество жизни.
541;Ангелы просят вас с радостью и предвкушением лучшего думать о том, как улучшить свою жизнь. Ваши мысли влияют на результат.
542;Поверьте: в то время как вы меняете свою жизнь к лучшему, ангелы защищают вас.
543;Любящие и могущественные ангелы, архангелы и вознесенные учителя отвечают на ваши молитвы. Ваша жизнь день ото дня становится все лучше.
544;Вас окружают ангелы, которые любят и поддерживают вас во всем. Они приносят в вашу жизнь удивительные чудеса.
545;Когда вам нужно совершить или освоить что-то новое, обращайтесь к ангелам и поддерживайте с ними контакт. Доверьте им свои тревоги и страхи.
546;Ангелы помогают вам улучшить обстановку на работе и дома.
547;Вы общаетесь с ангелами, прислушиваетесь к их советам и следуете по верному пути. Это прекрасно!
548;Ангелы говорят, что благодаря переменам, которые вы совершаете, ваша жизнь обретет финансовую стабильность.
549;Беседуйте с ангелами о своей жизненной задаче – они помогут организовать жизнь так, чтобы ваша работа обрела духовный смысл.
550;Ваша жизнь радикально меняется. Помните – Бог всегда с вами.
551;Меняйте свою жизнь к лучшему и сохраняйте оптимистичный настрой, потому что мысли и слова способны и помочь вам, и помешать.
552;Поверьте – ваша жизнь действительно улучшается.
553;Пришло время изменить свою жизнь и сделать ее более здоровой. Вознесенные учителя помогут вам совершить все необходимое.
554;Ангелы уверяют: перемены принесут благословение. Отпустите старое и примите новое.
555;Ваша жизнь переворачивается вверх дном! Чтобы перемены привели исключительно к лучшему, мыслите позитивно и пребывайте в молитве.
556;Воплощайте в жизнь свои идеи и пользуйтесь новыми возможностями, потому что они облегчат вашу жизнь и избавят от стресса.
557;Те перемены, которые вы совершаете или планируете, нужны вам именно сейчас.
558;То, что вы сейчас делаете, – это вклад в себя. Вы стали лучше заботиться о себе и вскоре увидите награду.
559;Пришло время изменить подход к работе, чтобы она стала более осмысленной и лучше соответствовала вашим убеждениям.
560;Обратитесь к Богу, чтобы Он помог вам справиться со всем тем, что приносит в вашу жизнь стресс. Прислушайтесь к интуиции и совершите то, что она подсказывает.
561;Вы настроились на лучшее в работе и в личной жизни, поэтому все начинает меняться к лучшему.
562;Поверьте – все может измениться к лучшему на работе, дома и в других сферах жизни. Вера отворяет двери новым возможностям.
563;Доверьте страхи и тревоги вознесенным учителям и следуйте их мудрым советам, которые приходят к вам через помыслы или через интуицию.
564;Ангелы помогают вам изменить свою жизнь к лучшему, чтобы ситуация дома и на работе стала легче.
565;В вашей жизни происходят события, которые вынуждают вас на перемены. Не бойтесь: в результате вы и ваши близкие обретете невероятное благословение.
566;Осознайте, что у вас есть сила и власть. Возьмите жизнь в свои руки и измените ее к лучшему.
567;Перемены, которые вы задумали или уже совершаете, уменьшат количество стресса в вашей жизни.
568;Для вас открылись врата вселенского изобилия. Они не закроются, пока вы следуете голосу интуиции, особенно когда он советует изменить жизнь к лучшему.
569;Чем больше вы будете молиться и размышлять о новых возможностях, тем лучше вы будете понимать смысл своей жизни.
570;Вы приняли здравое решение о необходимых переменах – это решение вдохновлено Богом.
571;Настройтесь на лучшее, потому что вы поступаете правильно.
572;Поверьте: ваша жизнь становится лучше.
573;Вы в точности следуете советам вознесенных учителей и поэтому растете и развиваетесь.
574;Ангелы помогают вам совершать шаги, которые значительно улучшат вашу жизнь.
575;В вашей жизни происходят перемены, которые являются ответом на ваши молитвы и великим благословением для вас и ваших близких.
576;Доверьте Небесам свои страхи и тревоги относительно изменений в вашей жизни, потому что эти перемены избавят вас от стресса.
577;Отлично! Вы взяли верный курс.
578;Вам в голову пришла отличная идея, которая значительно улучшит ваше финансовое положение.
579;Пришло время сменить род деятельности, чтобы обрести больше смысла и удовольствия от работы.
580;Сосредоточьтесь на Боге и духовной жизни, а Небеса позаботятся обо всех ваших земных нуждах.
581;Ваш оптимистичный настрой и позитивные утверждения, которые вы произносите вслух или мысленно, улучшают ваше финансовое положение.
582;Поверьте в то, что о ваших материальных нуждах позаботятся, ведь ваша вера притягивает благо.
583;Вознесенные учителя услышали ваши молитвы о материальной помощи и ответили на них: они советуют вам произвести перемены в жизни, благодаря которым положение улучшится. Прислушайтесь к интуиции и следуйте ее подсказкам.
584;Если вас тревожит ситуация на работе или финансовое положение, доверьтесь ангелам. Они помогут вам получить поддержку мироздания.
585;Чтобы ваше финансовое положение улучшилось, необходимы значительные перемены. Вы уже знаете, что должны изменить, так что начните делать это сегодня же!
586;Чтобы стресс финансовой ситуации меньше давил на вас, молитесь, произносите позитивные утверждения и посвящайте время работе над проектами, которые вы находите осмысленными.
587;Ваше новое дело – это путь к успеху.
588;Недавние перемены помогли вам усвоить новые, более разумные финансовые привычки, и для вас открываются врата изобилия.
589;Вы меняете работу, потому что желаете, чтобы она приносила удовольствие и имела смысл, поэтому Небеса заботятся о ваших материальных нуждах.
590;Поразмыслите над вопросом: «Какое духовное служение я могу взять на себя?» Позвольте Богу позаботиться обо всем остальном. Прислушайтесь к голосу любви и следуйте ее советам – возможно, вам нужно будет что-то изменить в своей жизни.
591;Думайте о своей жизненной задаче позитивно, и ваша работа обретет больший духовный смысл.
592;Поверьте, что в то время, как вы заняты духовными трудами, Небеса целиком и полностью заботятся о вас.
593;Вознесенные учителя услышали ваши молитвы о работе и ответили на них. Ваши труды обретут духовный смысл и будут приносить вам радость.
594;Ангелы помогают вам совершить необходимые перемены, которые позволят вам посвящать больше времени достижению жизненной цели.
595;Измените карьеру или работу, чтобы она обрела духовное наполнение.
596;Чем больше вы сосредотачиваетесь на духовной составляющей вашей работы, тем проще становится жизнь.
597;Ваши мысли и идеи о работе или карьере ведут в верном направлении.
598;Ваш новый духовный проект будет очень успешным.
599;Это послание для вас: начните мыслить и действовать иначе, чтобы уделять как можно больше времени своей жизненной задаче (она связана с чем-то, что близко и дорого вашему сердцу).
600;Доверьтесь Богу, который поддерживает и опекает вас, и Он избавит вас от тревог.
601;Ваши молитвы, настрой на лучшее и вера в Бога избавляют вас от стресса.
602;Будьте уверены – Бог заботится о ваших повседневных нуждах.
603;Бог и вознесенные учителя (святые, Иисус и другие) услышали ваши молитвы о помощи и ответили на них.
604;Бог и ангелы заботятся о вас и ваших близких, защищают вас и восполняют недостаток всего того, в чем вы нуждаетесь.
605;Бог помогает вам улучшить вашу жизнь и обрести покой и мир.
606;Сосредоточьтесь на Боге и духовности, и все образуется само собой.
607;Ваши духовные практики привели вас на верный путь. Небеса заботятся о ваших нуждах.
608;Позвольте Богу самому позаботиться о ваших финансах – Он дает вам все необходимое.
609;Поговорите с Богом о своей жизненной задаче, доверьте Ему любые сомнения и вопросы, которые могут быть у вас о работе и духовном пути.
610;Чтобы избавиться от стресса, молитесь и используйте позитивные утверждения.
611;Ваши слова и мысли определяют конечный результат, поэтому сосредоточьтесь на наилучшем желаемом итоге.
612;Настройтесь на лучшее, потому что ваши оптимизм и вера обеспечат наилучшее разрешение ситуации.
613;Вознесенные учителя даруют вам ощущение счастья и мира в этой ситуации.
614;Доверьте свои тревоги и заботы ангелам, которые помогают вам ежедневно.
615;Ваш новый позитивный настрой улучшает вашу жизнь и дома, и на работе.
616;Обращайте внимание на потенциальные возможности, а не на материальные иллюзии. У вас есть сила, и вы можете преодолеть любую ситуацию с помощью позитивного настроя.
617;Ваш новый духовный подход работает: он положительно влияет на вас и вашу жизнь.
618;Ваши практики манифестации действуют. Продолжайте представлять достаток и произносить соответствующие утверждения.
619;Продолжайте настраиваться на лучшее в работе и финансах и сосредоточьтесь на том, чтобы ваша работа обрела духовный смысл.
620;Поверьте: Бог заботится обо всех ваших нуждах.
621;Вера и позитивные мысли разворачивают вашу ситуацию в нужном направлении, так что продолжайте в том же духе.
622;Ангелы настоятельно просят вас крепко верить в то, что все будет хорошо, и так оно и будет.
623;Верьте: вознесенные учителя услышали ваши молитвы и ответили на них.
624;Поверьте – ангелы способны творить чудеса, чтобы помочь и поддержать вас.
625;Будьте уверены – те перемены, которые вы задумали или совершаете, действительно улучшат ситуацию.
626;Независимо от того, что творится вокруг, верьте, что все образуется. Ваша вера влияет на результат.
627;У вашей веры есть все основания, ведь то, что вы сейчас делаете, значительно улучшает обстановку дома и на работе.
628;Верьте: у вас всегда хватит денег на жизнь и на все необходимые расходы.
629;Поверьте, когда вы будете трудиться над выполнением своей жизненной задачи, то сможете себя обеспечить.
630;Доверьте свои тревоги Богу и вознесенным учителям. Попросите их о помощи – тогда они смогут вмешаться.
631;Вознесенные учителя просят вас продолжать настраиваться на лучшее в данной ситуации, потому что ваши мысли влияют на исход дела.
632;Поверьте – вознесенные учителя действительно услышали ваши молитвы и ответили на них.
633;Вам не о чем беспокоиться, потому что вознесенные учителя уже вмешались в происходящее.
634;Доверьте свои тревоги и заботы ангелам и вознесенным учителям, которые сейчас с вами.
635;Вознесенные учителя помогают вам изменить свою жизнь к лучшему. Знайте, что те перемены, которые сейчас происходят, – это благо.
636;Позвольте вознесенным учителям избавить вас от стресса – молитесь и медитируйте.
637;Эта ситуация разрешится самым лучшим образом!
638;Вознесенные учителя услышали ваши молитвы о финансах и работе и ответили на них.
639;Вознесенные учителя поддерживают вас в ваших духовных трудах. Ваша жизненная задача очень важна для обитателей Небес, и они помогают вам во всем.
640;Доверьте все свои тревоги Богу и ангелам, которые любят вас безусловной любовью и желают вам помочь. Вы не одиноки!
641;Ангелы просят вас унять свое беспокойство молитвами, ведь тревоги привлекают неприятности, а молитвы притягивают чудеса.
642;Верьте в то, что ангелы решают ваши текущие трудности, потому что так оно и есть.
643;Небеса посылают вам ангелов и архангелов, чтобы помочь вам победить стресс из-за сложной ситуации. Попросите их о помощи в проблеме и откройтесь, чтобы услышать их советы.
644;Не о чем беспокоиться, потому что возле вас множество ангелов. Доверьте им свои страхи.
645;В вашей книге жизни начинается новая глава. Ангелы с вами на каждом шагу пути.
646;Вам мешает только тревога, но, к счастью, ангелы готовы убрать ее, стоит вам только попросить.
647;Ангелы услышали вашу просьбу о помощи и уверяют, что все будет хорошо.
648;Предоставьте ангелам позаботиться о ваших финансовых сложностях. Ангелы сделают все, что нужно.
649;Ангелы во всем поддерживают вас и вашу жизненную задачу.
650;Бог помогает вам пройти через все перемены. Все складывается к наивысшему благу для вас.
651;Чем позитивней вы мыслите, тем лучше окажется итог происходящих перемен.
652;Поверьте – все происходит именно так, как должно. Все будет хорошо.
653;Вознесенные учителя услышали ваши просьбы о лучшей жизни и ответили на них. Они уверяют вас, что обо всем позаботились. Теперь прислушивайтесь к голосу интуиции и следуйте ему.
654;Вы работаете над тем, чтобы жить лучше, и ангелы поддерживают вас во всем.
655;Перемены, которые с вами происходят, принесут большие благословения, и ваша жизнь станет легче.
656;Все хорошо, даже если сейчас реальность кажется трудной. Все происходит согласно Божьему замыслу. Вскоре вы увидите, что происходящие перемены и есть ответ на ваши молитвы.
657;Чаша весов может качнуться в любую сторону – в зависимости от того, настраиваетесь ли вы на лучшее или боитесь будущего. Попросите ангелов помочь вам мыслить позитивно, чтобы результат оказался как можно лучше.
658;Поверьте – происходящие перемены являются ответом на ваши молитвы о работе и финансах.
659;Попросите ангелов помочь вам уделять больше времени и сил на труды в соответствии с вашим духовным призванием и на выполнение вашей жизненной задачи.
660;Доверьте страхи и тревоги Богу, который может помочь вам во всем.
661;Лучшее, что вы можете сделать в текущей ситуации, – это использовать позитивные утверждения и сосредотачиваться на желаемом исходе.
662;Поверьте в то, что все хорошо, потому что так и есть.
663;Призовите вознесенных учителей на помощь. Из-за закона свободной воли они могут помочь вам, только если вы попросите – молитвой или посредством позитивного утверждения.
664;Вы просили ангелов о помощи, и они помогают вам заменить страхи и тревоги на покой и радость.
665;Чтобы изменить ситуацию и улучшить свою жизнь, нужно совершить некие перемены прямо сейчас. Попросите ангелов о помощи.
666;Вы обращаете слишком много внимания на материальные иллюзии. Сосредоточьтесь на духовном, чтобы ваша жизнь пришла в норму.
667;Вы вот-вот совершите огромный прорыв – и получите те ответы и решения, которые так искали.
668;Помните, что Бог есть Источник всякого блага, включая деньги, необходимые для обеспечения всех ваших жизненных потребностей.
669;Не бойтесь предстоящих трудов на духовной ниве и не страшитесь работы над выполнением своей жизненной задачи. Все, что вам нужно сделать, – это попросить Небеса о помощи, а затем прислушаться к интуиции и последовать ее советам.
670;Бог помогает вам привести жизнь в порядок. Продолжайте идти за светом.
671;Ваши позитивные мысли и слова (в речи и на письме) влияют на происходящее. Чем больше вы настроены на лучшее, тем лучше будет итог.
672;Поверьте, что вы именно там, где и должны быть. Вы получите ценные уроки и обретете силу.
673;Продолжайте молиться и вверять тревоги вознесенным учителям. Ответ на молитвы всегда приходит.
674;Ангелы с вами. Они говорят, что вы на верном пути, поэтому ничего не бойтесь.
675;Вы устали от стресса и тревог и сумели произвести необходимые перемены в жизни. Худшее позади.
676;Не беспокойтесь – вы поступаете правильно.
677;Если вы сомневались, на верном ли вы пути, то вот ответ – да, все правильно.
678;Ваше финансовое положение улучшается прямо сейчас.
679;Вы все делаете правильно – и на работе, и в своих трудах по выполнению жизненной задачи.
680;Вы молились об избавлении от финансовых проблем, и Бог услышал ваши молитвы и ответил на них. Он позаботился обо всех ваших нуждах.
681;Настройтесь на лучшее относительно вашего финансового положения, потому что мысли влияют на то, как разрешится эта ситуация.
682;Поверьте – у вас будет достаточно денег, чтобы покрыть все ваши нужды.
683;Вознесенные учителя услышали ваши молитвы о финансовой безопасности и ответили на них, поэтому не бойтесь.
684;Ангелы полностью поддерживают и защищают вас и ваших близких.
685;Перемены, которые вы совершаете, облегчат ваше финансовое положение.
686;Чтобы улучшить свое финансовое положение, визуализируйте достаток и практикуйте положительные утверждения.
687;Вам в голову пришла отличная идея. Вы преуспеете, если будете продолжать мыслить позитивно.
688;Врата изобилия будут открыты для вас, потому что вы испытываете радость и благодарность. Продолжайте радоваться тому, что уже имеете, и получите еще больше.
689;Небеса оказывают финансовую поддержку вам и вашим духовным трудам.
690;В то время как вы занимаетесь духовным служением на работе или в своей волонтерской деятельности, Бог заботится о ваших земных нуждах.
691;Продолжайте оптимистично относиться к вашей работе и жизненной задаче, потому что оптимизм притягивает успех.
692;Поверьте, что Небеса позаботятся о ваших земных нуждах, в то время как вы следуете духовному призванию – учите, занимаетесь целительством или как-то иначе участвуете в служении.
693;Вознесенные учителя заботятся о вас и ваших нуждах, чтобы вы могли посвятить время и силы достижению жизненной цели.
694;Ангелы услышали ваши молитвы о развитии духовных практик и ответили на них. Они поддерживают вас и ваши труды.
695;Не забывайте о получаемых вами духовных наставлениях и вашей жизненной цели. В этом кроется необходимая вам поддержка.
696;Следуйте своему духовному призванию, и Небеса позаботятся обо всех ваших материальных нуждах.
697;Вы правильно относитесь к своей работе и принимаете верные решения. Не бойтесь и не тревожьтесь.
698;У вас в работе или карьере вот-вот произойдет прорыв, который обеспечит вашу финансовую безопасность.
699;Оставьте тревоги. Каждый день делайте что-нибудь, что соответствует вашему духовному призванию.
700;Продолжайте следовать наставлениям свыше, потому что вы ясно слышите Бога и находитесь на верном пути.
701;Ваши молитвы и позитивные утверждения помогли вам встать на верный путь.
702;Поверьте: вы на своем месте и делаете именно то, что нужно.
703;Бог и вознесенные учителя советуют не сдаваться, потому что вы на верном пути.
704;Бог и ангелы присматривают за вами и защищают на каждом шагу избранного вами пути.
705;Сейчас идеальное время для того, чтобы произвести в своей жизни необходимые перемены. Могущество и любовь Бога защищают вас.
706;Вы движетесь в верном направлении, особенно в сфере работы и в личной жизни.
707;Мудрость Бога ведет вас в верном направлении. Отриньте сомнения и идите.
708;Следуйте за мечтой. Небеса полностью вас поддерживают и обеспечивают.
709;Сейчас самое подходящее время, чтобы уделить силы и время выполнению вашей жизненной задачи, – а это те труды, которые соответствуют желанию сердца исцелять, помогать и служить.
710;Ваши молитвы и настрой на лучшее ведут вас в правильном направлении.
711;Продолжайте использовать техники положительных утверждений и визуализации, потому что они работают!
712;Поверьте: все, что вы делаете, помогает вашим мечтам воплотиться в реальность.
713;Вознесенные учителя, в особенности богини, радуются вашим решениям и действиям. Продолжайте в том же духе!
714;Ваши молитвы и общение с ангелами помогли вам встать на прекрасный путь, который приведет к счастью вас и ваших близких.
715;Вам нужны именно те перемены, о которых вы размышляете или которые совершаете.
716;Ваши позитивные утверждения направили вас по пути, который приведет к улучшению финансового положения.
717;Желания вашего сердца и голос души верны и истинны. Уверенно воплощайте в жизнь задуманное.
718;Ваши визуализации и положительные утверждения вскоре принесут изобилие и достаток.
719;Вы на верном пути к работе, наполненной духовным смыслом. Главное – мыслите позитивно.
720;Верьте в Бога, в себя и в то, что вы поступаете правильно.
721;Ваша вера и настрой на лучшее привлекли к вам новые возможности и чудесные отношения.
722;Ваша искренняя вера и оптимизм сотворили чудеса.
723;Поверьте: вознесенные учителя с вами, они наставляют и поддерживают вас.
724;Ангелы просят вас держаться за свою веру, потому что ситуация начинает исправляться.
725;Доверяйте мыслям и идеям перемен, которые пришли вам в голову, – они вдохновлены свыше.
726;Вера, а не страх, воплотит в реальность ваши мечты. Верьте, верьте, верьте.
727;Ваша искренняя вера привлекает к вам хороших людей, прекрасные возможности и много благ.
728;Поверьте: ваше финансовое положение улучшается.
729;Верьте в себя и в то, что вы способны менять мир к лучшему. Действуйте. Помните, что вы в безопасности и Небеса поддерживают ваши труды над жизненной задачей.
730;Ваша связь с Богом и вознесенными учителями прочна. Вы правильно слышите наставления свыше и следуете им.
731;Продолжайте молиться и медитировать каждый день, потому что это помогает вам сосредотачиваться на любви.
732;Поверьте: вы верно слышите советы вознесенных учителей.
733;Вознесенные учителя очень рады тому, что вы следуете голосу интуиции, отвечающему на ваши молитвы.
734;Ангелы и вознесенные учителя присматривают за вами. Они следят за тем, чтобы все шло хорошо, в особенности новые начинания и отношения.
735;Вы верно слышите советы и наставления свыше и точно следуете им.
736;Вы поступаете правильно, вверяя вознесенным учителям свои страхи и тревоги, потому что это дает вам свободу выражать себя в творчестве и ощущать радость, покой и любовь.
737;Вознесенные учителя говорят, что у вас выросли крылья. Летите!
738;Вы услышали советы свыше и последовали им, а они привели вас на путь к достатку.
739;Вознесенные учителя помогают и направляют вас в работе и в трудах по выполнению жизненной задачи. Продолжайте молиться, медитировать и следовать подсказкам интуиции.
740;Бог и ангелы вместе с вами трудятся над разрешением текущей ситуации. Они уверяют вас, что вы поступаете правильно и все будет хорошо.
741;Ангелы говорят, что вы на верном пути, и просят вас настроиться на лучшее.
742;Поверьте: ангелы защищают вас и направляют в этой ситуации.
743;Ангелы и вознесенные учителя услышали ваши молитвы и ответили на них. Вы услышали голос Небес и сейчас в точности следуете полученным наставлениям.
744;Благодаря вашей тесной связи с ангелами вы верно слышите советы свыше и следуете им.
745;Ангелы помогают вам менять жизнь к лучшему.
746;"Доверьте ангелам свои тревоги и страхи; сосредоточьтесь на том, чего вы желаете, о чем мечтаете и за что благодарны."
747;Ангелы советуют вам без сомнений идти за мечтой.
748;Ангелы поддерживают вас во всем, включая финансы.
749;Ангелы говорят, что вы принимаете верные решения о работе или карьере.
750;Перемены, о которых вы размышляете или которые уже совершаете, верны, здравы и вдохновлены свыше.
751;Сейчас вы делаете свою жизнь лучше, и это прекрасный вклад в лучшее будущее.
752;Поверьте: вы поступаете правильно, меняя свою жизнь к лучшему.
753;Вознесенные учителя советуют вам совершить перемены в жизни. Прислушайтесь к советам свыше и поступайте соответственно им.
754;Сейчас вы меняете свою жизнь к лучшему, а ангелы присутствуют рядом с вами и защищают вас.
755;Сейчас с вами происходят важнейшие жизненные перемены. Они принесут вам великие благословения.
756;Пришло время сделать что-то новое, потому что это улучшит вашу жизнь.
757;Да, вы готовы принять верное решение.
758;У вас появились новые мысли относительно финансов – знайте, что этим идеям можно доверять.
759;Пришло время вложить силы и время в работу, несущую духовный смысл и приносящую вам радость.
760;Чтобы ваша жизнь была гармоничной, помните о Боге и духовности. Ваши мысли обладают силой, поэтому думайте только о благе и о том, чего вы желаете. Предоставьте Богу позаботиться обо всем.
761;У вас хватит денег на все, если только вы продолжите настраиваться на лучшее и следовать тому пути, который указал вам Бог.
762;Вы стали лучше заботиться о себе и внимательней прислушиваться к интуиции. Поверьте, что Небеса восполнят все ваши нужды.
763;Доверьте свои тревоги и сомнения вознесенным учителям, которые подскажут вам верный путь на работе и дома.
764;Ангелы заботятся о вас и восполняют все ваши нужды.
765;Перемены, которые вы совершаете или о которых размышляете, приведут вас к избавлению от стресса и улучшению качества жизни.
766;Все хорошо. Вам хватит денег на оплату счетов и на повседневные нужды. Если вам тревожно – молитесь.
767;Ответ на вашу молитву уже пришел, хотя вы, возможно, его еще не видите. Не сдавайтесь за пару шагов до чуда – продолжайте идти!
768;Небеса позаботятся – и уже заботятся – обо всех ваших материальных нуждах. Главное, доверяйте высшим силам и укрепляйтесь в вере.
769;Ваши духовные труды и работа над жизненной задачей принесут добрые плоды.
770;Бог заботится о вас и ваших близких. Помните, что вы под защитой и в безопасности.
771;Вы выработали привычку к позитивному мышлению и научились пользоваться положительными утверждениями, и это изменило вашу жизнь к лучшему.
772;Поверьте в то, что вы поступаете правильно, потому что это так и есть.
773;Благодаря молитвам и медитации вы получаете точные и достойные доверия наставления от Бога.
774;Ангелы радуются вашим недавним решениям и действиям и просят не сбиваться с курса.
775;Вы совершенно правы в том, что сейчас решились на важные перемены.
776;Сейчас вы все делаете правильно для того, чтобы позаботиться о себе и своих близких. Похвалите себя. Порадуйтесь тому, что справились!
777;Вы на верном пути во всем, что делаете. Пребывайте в гармонии и оставайтесь чутким к духовной стороне жизни, тогда свет не покинет вас.
778;Сейчас вы подобны царю Мидасу – все, чего вы касаетесь, обращается в золото.
779;Вас посещают озарения относительно вашей жизненной задачи. Так держать!
780;Вы внимательно прислушиваетесь к тому, что Бог хочет сказать вам о работе или карьере.
781;Пока вы верите в лучшее, все будет хорошо и с работой, и с финансами.
782;Поверьте – ваша ситуация с финансами образуется и вы не будете испытывать нужды.
783;Вознесенные учителя услышали ваши молитвы о финансах и ответили на них. Они помогают вам прямо сейчас.
784;Ангелы уверяют, что вам хватит денег на все необходимое и что вы движетесь в правильном направлении.
785;Перемены, которые вы сейчас совершаете, непременно улучшат ваше финансовое положение.
786;Интуиция ведет вас в правильном направлении, и перемены к лучшему на работе и в финансовом положении не заставят себя ждать. Так держать!
787;Вы «попали в струю»: вам все удается на работе, ваше финансовое положение меняется к лучшему. Это удачное время, чтобы начать интересный проект, попросить о повышении или попробовать что-нибудь новое.
788;Вы на верном пути, поэтому для вас отворились врата бесконечного изобилия и поддержки от мироздания.
789;Вы поступаете правильно – и на работе, и в области духовных интересов, и в трудах по достижению жизненной цели. Небеса полностью поддерживают вас!
790;Вы в точности следуете советам, которые дал вам Бог о работе и жизненной задаче.
791;Ваши оптимистичные мысли и утверждения относительно жизненной цели действуют, поэтому продолжайте следовать этим же курсом.
792;Вы на верном пути в своей работе и при этом выполняете свою жизненную задачу.
793;Вы взялись за работу, наполненную духовным смыслом, поэтому вознесенные учителя помогают вам в ней. Прислушивайтесь к интуиции и следуйте ее подсказкам, особенно когда дело касается служения людям.
794;Ангелы благословляют вас и вашу жизненную задачу и помогают вам привносить больше духовного смысла в работу.
795;Вы совершаете или обдумываете перемены в работе или карьере. Знайте – это именно то, что нужно, потому что так вы станете ближе к своему смыслу жизни.
796;Вы на верном пути: вы обретете работу, исполненную духовного смысла, которая также обеспечит все ваши нужды.
797;Сейчас идеальное время для того, чтобы начать новое дело или построение карьеры в новой сфере, потому что вы, как царь Мидас, обращаете в золото все, чего коснетесь.
798;Мироздание поддерживает вас финансово, в то время как вы помогаете людям и трудитесь на ниве духовного служения.
799;Служите людям так, как подсказывают ваши духовные интересы и склонности, потому что это и есть ваша жизненная цель. Ваше служение необходимо миру прямо сейчас.
800;Доверьтесь Богу – Он позаботится о том, чтобы вы не нуждались ни в чем материальном. Он поддерживает вас во всем.
801;Ваши молитвы и позитивный настрой относительно финансов держат открытыми врата изобилия.
802;Продолжайте верить в то, что Бог позаботится обо всех ваших нуждах и поможет оплатить счета. Следуйте подсказкам интуиции.
803;Небеса услышали ваши молитвы о помощи в финансах и ответили на них.
804;Бог и ангелы заботятся о вас и вашей семье и поддерживают во всем.
805;Бог указывает вам, что нужно изменить, чтобы надежно улучшить качество жизни. Чем скорей вы совершите эти перемены, тем быстрей все сферы вашей жизни, включая финансы, придут к гармонии.
806;Бог заботится о том, чтобы у вас были дом и пища, и обеспечивает другие материальные нужды. Доверьтесь Богу. Верьте в то, что небеса помогают вам.
807;Так как вы прислушивались к наставлениям свыше и следовали им, ваши дела на работе и в финансах идут в гору. Так держать.
808;Все, что вам нужно, дается вам в избытке. Будьте готовы принять те блага, что посылает вам Творец. Изобилие принимает разные обличья, включая новые идеи и возможности, а также людей, которые предлагают помощь. Замечайте эти ответы на ваши молитвы.
809;Бог поддерживает вашу жизненную цель. Он заботится о вас, в то время как вы уделяете время и силы духовной работе.
810;Позвольте Богу позаботиться о ваших финансах. Он укрепит вашу веру, чтобы события складывались наилучшим для вас образом и чтобы вы получали самые замечательные результаты.
811;Продолжайте настраиваться на лучшее и мыслить позитивно о своем финансовом положении, и у вас будет стабильный достаток, покрывающий все ваши нужды.
812;Верьте: молитвы, визуализации и положительные утверждения о карьере и финансах действительно работают.
813;Вы молились и верили, поэтому вознесенные учителя пришли к вам на помощь. Они работают над текущей ситуацией, чтобы она получила самое удачное разрешение из всех возможных.
814;Ангелы просят вас придерживаться позитивного мышления о работе и финансах, чтобы привлечь наилучшие результаты.
815;Вы практикуете положительные утверждения и визуализацию, и эти методы благотворно влияют на вашу работу и финансовую ситуацию.
816;Вместо того чтобы тревожиться о деньгах, молитесь и применяйте положительные утверждения, и все решится наилучшим образом.
817;Ваши мысли и идеи о работе совершенно правильны. Они принесут повышение в должности или увеличение заработка.
818;Позитивные утверждения о работе и финансах действуют, так что продолжайте их практиковать.
819;Мыслите позитивно о своей жизненной цели, и Небеса поддержат вас во всем.
820;Поверьте – Бог заботится о вас и вашей семье, Он обеспечит все ваши нужды.
821;Настройтесь на лучшее, укрепитесь в вере, и ваше финансовое положение быстро улучшится.
822;Не теряйте оптимизма – он исправит вашу финансовую ситуацию.
823;Вознесенные учителя поддерживают вашу веру и оптимизм касательно финансов, потому что они хорошо знают великую силу веры.
824;Положитесь на поддержку ангелов в вашей финансовой ситуации. Ощутите их абсолютную веру в то, что с деньгами все будет хорошо.
825;Ваше финансовое положение и ситуация у вас на работе быстро меняются, поэтому ваша вера в лучшее нужна как никогда. Верьте, что небеса позаботятся обо всех ваших нуждах – и сейчас, и в дальнейшем.
826;Вместо того чтобы тревожиться о деньгах, расслабьтесь и постарайтесь настроиться на лучшее. Так до вашего сознания смогут добраться вдохновленные свыше идеи о том, как можно заработать осмысленным трудом.
827;Поздравляю! Вы на верном пути, и деньги идут к вам в руки!
828;Ваша вера в финансовое изобилие и само изобилие тесно связаны. Продолжайте верить, потому что это волшебным образом изменит ваше финансовое положение.
829;У вас уже есть и всегда будет достаточно денег, чтобы посвятить себя выполнению жизненной задачи. Главное – продолжайте верить.
830;Небеса услышали ваши молитвы о финансовой поддержке и сейчас помогают вам, перенаправляя денежные потоки. Обратите внимание на любые подсказки интуиции и следуйте им – так Небеса помогают вам самостоятельно справиться с ситуацией.
831;Вознесенные учителя поддерживают ваш оптимистичный настрой относительно финансов, потому что они знают, что положительные утверждения воплощают желаемое в жизнь.
832;Поверьте, вознесенные учителя во всем вас поддерживают.
833;Вы молились о финансовой поддержке – и она пришла! Вас окружают могущественные и любящие вознесенные учителя, которые ответили на вашу просьбу о помощи.
834;Ангелы, архангелы и вознесенные учителя услышали и ответили на ваши молитвы о помощи с деньгами на оплату счетов и повседневные нужды.
835;Перемены, о которых вы думаете или которые уже совершаете, станут ответом на ваши молитвы, потому что ваш новый подход к ситуации вскоре принесет свои плоды.
836;Доверьте свои тревоги вознесенным учителям, которые защищают, поддерживают и наставляют вас.
837;Следуйте интуиции в том, что она говорит вам о работе и финансах, – это верный путь.
838;Сосредоточьтесь на молитвах и духовной стороне жизни. Постарайтесь уделять меньше внимания материальному (особенно деньгам).
839;Вознесенные учителя говорят, что работа в духовной сфере принесет вам достаточно денег для жизни.
840;Бог и ангелы заботятся о вас и ваших близких, чтобы у вас было все необходимое.
841;Настройтесь на лучшее. Ангелы говорят, что оптимизм привлечет в вашу жизнь много благ.
842;Поверьте, что ангелы благословляют вас и помогают в работе и финансах.
843;Ангелы и вознесенные учителя услышали ваши молитвы о помощи на работе и ответили на них.
844;Архангелы и ангелы поддерживают вас во всем и держат для вас открытыми врата изобилия.
845;Ангелы помогают вам совершить необходимые перемены в работе и финансах. С вами поддержка Небес.
846;Ангелы заботятся обо всех ваших материальных нуждах. Почаще обращайтесь к ангелам за поддержкой и вверяйте им свои тревоги.
847;Ангелы говорят, что вы правильно поступаете на работе и верно распоряжаетесь финансами.
848;Ангелы полностью поддерживают вас во всем. Откройтесь и будьте готовы принять их помощь – чем больше вы получите, тем больше сможете дать другим.
849;Вы все больше посвящаете себя духовной работе, и ангелы уверяют, что поддерживают вас финансово.
850;Перемены, которые вы совершаете, вдохновлены свыше. Они помогут вам достичь новых высот достатка.
851;Ваше позитивное мышление принесло результат – поток финансового изобилия усилился.
852;Поверьте, вы поступаете правильно в сфере работы и финансов.
853;Небеса услышали ваши молитвы о помощи с финансами. Ответ на эти просьбы – вдохновленные свыше мысли о том, что нужно изменить в жизни, чтобы улучшить ее. Претворите изменения в жизнь – и вы увидите поток изобилия.
854;"Ангелы помогают вам улучшить карьеру и финансовое положение; они советуют совершить некие позитивные изменения. Следуйте подсказкам интуиции."
855;Сейчас ваш финансовый приток значительно увеличивается.
856;Тяжесть финансовых проблем уходит, ее заменяют финансовая безопасность и достаток.
857;Вы совершаете правильные изменения и делаете это как раз вовремя: это улучшит ваше финансовое положение и дела на работе. Не сдавайтесь!
858;Чтобы ваше финансовое положение и дела на работе изменились к лучшему, нужно совершить правильные изменения в жизни. Вы уже знаете, что нужно делать, так что доверьтесь этому знанию и действуйте без промедления.
859;В работе или карьере вам нужно уделять больше внимания духовной составляющей. Это принесет вам радость и ощущение осмысленности и увеличит финансовый поток.
860;Доверьте Богу заботу о ваших финансах – Он удовлетворит все ваши нужды.
861;Вместо того чтобы тревожиться о деньгах, молитесь. Тревоги притягивают проблемы, молитвы – решение проблем.
862;Поверьте, что Небеса заботятся обо всех ваших финансовых и материальных нуждах.
863;Вознесенные учителя услышали ваши молитвы о финансовой и материальной поддержке и ответили на них. Доверьте учителям свои тревоги и страхи, следуйте наставлениям свыше, которые посещают вас в форме мыслей, чувств или побуждений к действиям.
864;Ангелы заботятся о том, чтобы у вас и у ваших близких было все необходимое – пища, жилье и все остальное.
865;Чтобы преодолеть финансовые затруднения, мыслите и действуйте в соответствии с вашими духовными убеждениями. Чем вы искреннее, тем больше изобилия приходит в вашу жизнь.
866;Не беспокойтесь о деньгах (это бесполезно и зачастую ухудшает положение), лучше обратитесь к духовным практикам – медитации и молитве (это всегда приносит пользу).
867;Ваши действия и мысли относительно карьеры и работы верны. Двигайтесь уверенно – вскоре вы увидите свет.
868;Сейчас ваше финансовое положение стабильно. Черные дни позади.
869;Вы посвящаете себя духовной работе, и Небеса заботятся о ваших нуждах.
870;Вы молитесь и следуете советам интуиции, которые посылает вам Бог. Поэтому на вас нисходят благословение и изобилие.
871;Продолжайте настраиваться на лучшее, утверждать и визуализировать изобилие – эти практики работают.
872;Поверьте, вы на верном пути, поэтому работа принесет вам финансовое благополучие, удовольствие и духовный смысл.
873;Вознесенные учителя уверяют вас, что непрерывно посылают вам помощь и поддержку, в которых вы нуждаетесь.
874;Вы прислушались к советам ангелов, поэтому для вас открываются новые возможности.
875;Перемены, которые вы уже совершаете или о которых только размышляете, пойдут на пользу вашей карьере и финансам. Действуйте уверенно.
876;Вы поступаете правильно, и это принесет вам все необходимое.
877;Вы на верном пути, даже не сомневайтесь. Продолжайте движение и вскоре получите духовные и материальные награды.
878;На нынешнем пути вы получите всю необходимую материальную поддержку. Вы сделали правильный выбор.
879;Продолжайте идти к своей мечте, потому что она лежит в основе вашей жизненной задачи. Посвящайте себя этому достойному делу, а Небеса позаботятся обо всех ваших нуждах.
880;Создатель заботится о вас во всем. Доверьте Ему тревоги и страхи, особенно те, что связаны с деньгами.
881;Для вас открываются новые возможности в сферах карьеры и финансов. Чтобы усилить поток изобилия, каждый день повторяйте положительные утверждения, например: Я принимаю дары, которые мироздание с любовью дает мне и всем людям.
882;Главное – верьте, и тогда ваше финансовое положение будет улучшаться.
883;В сферах работы и финансов вы получаете помощь свыше, в основном от вознесенных учителей (например, Иисуса, Ганеши, святых и так далее).
884;Ангелы услышали ваши молитвы об улучшении финансового положения и сейчас работают над этим.
885;Вскоре ваше финансовое положение и ситуация на работе изменятся к лучшему: вы получите повышение, прибавку к зарплате или премию.
886;Финансовому потоку мешают только ваши тревоги и страхи. Доверьтесь ангелам, и изобилие не заставит себя ждать.
887;Вы правильно действуете на работе и верно распоряжаетесь финансами. Так держать!
888;Это очень благоприятное число – оно означает финансовую поддержку от мироздания. Деньги идут вам в руки!
889;Вы трудитесь на духовном поприще и служите людям (это – основа вашей жизненной задачи), а Небеса в этом время обеспечивают вашу финансовую безопасность.
890;Бог полностью поддерживает вас и вашу жизненную задачу.
891;Постоянно спрашивайте себя: «Как я могу послужить людям и сделать мир лучше?» Небеса позаботятся обо всех ваших материальных нуждах.
892;Поверьте, мироздание поддерживает вашу жизненную задачу. Доверьтесь Небесам, и высшие силы позаботятся о ваших деньгах.
893;Вы сохраняете тесную связь с вознесенными учителями, которые поддерживают и направляют вас на пути к жизненной цели.
894;Ангелы заботятся обо всех ваших материальных нуждах, в то время как вы трудитесь над выполнением своей жизненной задачи.
895;Больше вкладывайтесь в духовное служение, потому что это путь к вашей жизненной цели. Вы получите полную поддержку, потому что остаетесь верны себе и своему призванию.
896;Вместо того чтобы тревожиться о работе и финансах, молитесь и практикуйте положительные утверждения о том, что все хорошо. Небеса полностью поддерживают вашу духовную работу.
897;Вы на верном пути к тому, чтобы заниматься духовной работой, для вас отворяются все двери.
898;Пока ваша работа полезна и наполнена смыслом, Небеса оказывают вам поддержку – финансовую, духовную, эмоциональную и интеллектуальную.
899;Не откладывайте духовную работу и выполнение жизненной задачи. Знайте, что чем скорей вы начнете действовать, тем быстрей обретете радость и изобилие.
900;Бог настоятельно просит вас уделять время и силы выполнению жизненной задачи, потому что мир в ней нуждается. Попросите Бога дать вам знак о том, что делать дальше.
901;Продолжайте регулярно обращаться к Богу за наставлениями в вашей духовной работе. Уверенно следуйте вдохновленному свыше голосу интуиции.
902;Поверьте – Бог направляет вас и вашу карьеру.
903;Бог и вознесенные учителя посылают вам советы о том, как лучше строить карьеру. Вы воспринимаете эти советы как новые идеи, чувства и мысли.
904;Бог и ангелы поддерживают вас, в то время как вы служите духовной цели.
905;Бог направляет вас к нужным положительным переменам в карьере, чтобы вы могли уделять больше времени и сил выполнению своей жизненной задачи.
906;Бог заботится обо всех ваших материальных нуждах, в то время как вы совершаете духовное служение на работе.
907;Вы верно слышите советы Бога о работе и в точности им следуете.
908;Бог уверяет вас, что полностью поддерживает вас и вашу духовную работу.
909;Постарайтесь являть любовь Бога посредством своей работы или карьеры. Молитесь о советах в этой сфере и следуйте полученным наставлениям.
910;Продолжайте молиться и использовать положительные утверждения о своей жизненной задаче. Все эти методы отлично работают.
911;Когда вы размышляете о работе на духовном поприще, очень важно при этом сохранять оптимизм. Уверенность в том, что все будет хорошо, – ваше величайшее преимущество.
912;Поверьте – ваши положительные утверждения о работе действуют.
913;Вознесенные учителя просят вас визуализировать то, как вы занимаетесь духовными трудами и они приносят вам радость.
914;Ангелы присматривают за вашей карьерой и помогают двигаться в направлении жизненной цели.
915;Вы совершаете правильные перемены, которые превращают вашу работу в исполненный смысла труд.
916;В то время как вы посвящаете себя духовной работе, Небеса заботятся о ваших материальных нуждах.
917;Ваше оптимистичное отношение к работе полностью оправдано, потому что внимание к духовной стороне жизни привело вас на верный путь.
918;Ваше оптимистичное отношение к работе означает, что вас ждут успех и поддержка. Следуйте велениям сердца.
919;Полностью посвятите себя духовному служению, которое станет вашей работой.
920;Уверенно следуйте по намеченному карьерному пути, потому что Бог проведет вас через все препятствия.
921;Поверьте в свою мечту о духовном служении, которое может стать работой, – эта мечта вдохновлена свыше.
922;Верьте в то, что у вас есть высшая цель в жизни. Вы подготовлены к тому, чтобы достичь ее, и у вас есть вся необходимая поддержка. Чем больше вы доверяете и верите Богу, тем лучше все складывается.
923;Поверьте – вознесенные учителя услышали ваши молитвы о высшей цели в жизни и ответили на них.
924;Ангелы просят вас твердо верить в успех вашего духовного служения, потому что вера приносит успех во все сферы жизни.
925;Не беспокойтесь о карьере или работе. Верьте, что все происходит именно так, как должно.
926;Верьте Небесам в том, что они позаботятся о ваших финансовых и материальных нуждах, в то время как вы заняты духовным служением.
927;Ваша вера и оптимизм обоснованны, потому что ваши планы на духовное служение – это именно то, что нужно.
928;Ваша вера и стремление к осмысленной жизни направили к вам изобильный поток Божьей поддержки.
929;Поверьте, что если вы сделаете духовное служение своей работой, обо всем остальном Бог позаботится сам.
930;Бог и вознесенные учителя покровительствуют вам и вашей карьере и направляют вас на пути к жизненной цели.
931;Вознесенные учителя просят вас мыслить позитивно и настроиться на лучшее относительно своей карьеры и цели жизни. Оптимизм – лучшая помощь в работе.
932;Поверьте – вознесенные учителя помогают вам в работе и в достижении жизненной цели.
933;В вашу жизненную задачу входит сотрудничество с вознесенными учителями, чтобы исцелять мир и менять его к лучшему.
934;Вас и вашу жизненную задачу опекают ангелы, архангелы и вознесенные учителя. Они помогают вам в работе.
935;Вознесенные учителя советуют вам, как правильно и аккуратно вносить изменения в свою работу или карьеру так, чтобы они служили духовным целям.
936;Вознесенные учителя заботятся обо всех ваших материальных нуждах, поэтому у вас есть время и силы, чтобы полностью сосредоточиться на духовной работе.
937;Вы на верном пути, потому что следуете божественным наставлениям в карьере и в работе над своей жизненной задачей. Молитесь вознесенным учителям, чтобы поддерживать с ними связь.
938;Вознесенные учителя – ваши коллеги и партнеры, они полностью поддерживают ваши труды в духовном служении.
939;Вознесенные учителя услышали ваши молитвы о работе и ответили: «Нужно помнить, что на работе всегда должно быть место для духовного».
940;Бог и ангелы поддерживают вас и помогают выполнить жизненную задачу.
941;Ангелы просят вас позитивно и оптимистично думать о своей жизненной задаче. Знайте, что вы готовы изменить этот мир к лучшему, трудясь в той духовной сфере, которую выбрали.
942;Верьте – ангелы заботятся о вас и о вашей карьере.
943;Архангелы и вознесенные учителя направляют и поддерживают ваши духовные труды.
944;В вашу жизненную задачу входит помогать людям, сотрудничая с ангелами и архангелами.
945;Ангелы помогают вам правильно изменить свою жизнь, чтобы вы уверенно встали на путь к своей жизненной цели.
946;Доверьте ангелам все страхи и тревоги о карьере, жизненной цели и духовном пути. Помните, что ангелы всегда готовы прийти на помощь и во всем вас поддержать.
947;Вы хотите иметь работу, наполненную духовным смыслом, и ангелы говорят, что вы на верном пути.
948;В то время как вы посвящаете время и энергию духовным трудам, ангелы заботятся обо всех ваших материальных и финансовых нуждах.
949;В вашу жизненную задачу входит тесное сотрудничество с ангелами. Попросите их помочь вам обрести такую работу, на которой вы сможете трудиться и в духовном направлении.
950;Бог помогает вам изменить к лучшему обстановку на работе.
951;Измените свое восприятие работы и карьеры так, чтобы видеть благо и любовь во всем и во всех. Обращать внимание на хорошее – верный способ оказаться на пути к жизненной цели.
952;Будьте уверены – вы все правильно думаете о переменах в работе или карьере. Это поможет вам начать движение к жизненной цели и ощутить довольство и смысл во всем, что вы делаете и что с вами происходит.
953;Вознесенные учителя направляют вас к действиям и решениям, которые приведут вас к работе, несущей духовный смысл.
954;Вместе с ангелами вы меняете свою карьеру или работу так, чтобы иметь возможность служить вдохновленной свыше жизненной цели.
955;Пора совершить перемены, о которых вы раздумывали, в особенности те, что затрагивают вашу работу и духовное служение. Это и есть ответ на ваши молитвы.
956;Чем больше времени и сил вы уделяете вашему духовному служению, тем лучше становится ваша жизнь.
957;Вы совершаете правильные перемены в карьере или работе, поэтому продолжайте доверять своим идеям и собственному видению жизни.
958;Сейчас вы стараетесь привнести в свою работу или карьеру больше духовного смысла, поэтому поток изобилия усиливается.
959;Пришло время изменить свою карьеру так, чтобы она соответствовала вашим духовным убеждениям, потому что только так вы обретете смысл жизни.
960;Доверьте тревоги о карьере, духовном пути и цели в жизни Богу, у которого есть все ответы на ваши вопросы. Прислушивайтесь, и ответы придут через чувства, видения и мысли.
961;Чем больше вы настраиваетесь на успех в карьере и духовном пути, тем лучше все становится.
962;Поверьте, что, в то время как вы совершаете духовное служение посредством работы, Небеса заботятся о ваших материальных нуждах.
963;Вознесенные учителя услышали ваши молитвы о карьере и финансах и дали на них ответ.
964;Доверьте все тревоги о карьере и финансах ангелам, которые ждут только вашей просьбы о помощи.
965;Ваше финансовое положение и ситуация на работе улучшаются, потому что вы вкладываете энергию и время в служение духовной цели.
966;На работе очень важно сохранять в себе любовь и сосредоточенность на духовной стороне жизни. Духовная гармония в сердце привлекает к вам все то, чего вы хотите и в чем нуждаетесь.
967;Вы на верном пути в карьере и в духовной жизни, а это значит, что Небеса позаботятся обо всех ваших материальных нуждах.
968;Вместо того чтобы беспокоиться о работе и финансах, молитесь. Тревога ничем не помогает, а молитва всегда улучшает положение.
969;Вы будете получать больше удовольствия и находить больше смысла в работе, когда полностью доверитесь Богу и будете прислушиваться к Его вездесущей любви и мудрости.
970;Вы верно расслышали мудрые наставления Бога о вашей карьере и последовали им, поэтому сейчас вы на верном пути к жизненной цели.
971;Оптимистичное отношение к своей работе или карьере является совершенно правильным, потому что вы выполняете в этом мире важную задачу.
972;Поверьте: ваша работа и ваши духовные труды ведут к вашей жизненной цели.
973;Вознесенные учителя, которые защищают вас и заботятся о вас, услышали ваши молитвы о работе и жизненной задаче. Учителя ответили, но чтобы расслышать ответ, вам надо обратить внимание на голос интуиции.
974;Ангелы поздравляют вас – вы следуете вдохновленному свыше карьерному пути, который приведет к вашей жизненной цели.
975;Перемены, которые вы совершаете или о которых раздумываете, приведут вас на путь к вашей жизненной цели.
976;Работа и духовные интересы привели вас на верный путь. Небеса позаботятся обо всем, что вам нужно в материальном мире.
977;Небеса радуются вашей преданности духовному служению.
978;Не сходите с пути – вы выбрали правильную работу и духовное служение, поэтому Небеса поддержат вас во всем.
979;Вы приняли верное решение посвятить себя духовной работе.
980;Бог позаботится обо всех ваших материальных и финансовых нуждах, в то время как вы будете трудиться на ниве духовного служения.
981;Настройтесь на лучшее в отношении карьеры и финансов: ваш оптимизм откроет новые двери и новые возможности.
982;Поверьте: Небеса позаботятся обо всех ваших материальных и финансовых нуждах. Вам нужно только помнить о духовной составляющей вашей работы.
983;Вознесенные учителя уверяют, что полностью поддерживают вас и вашу жизненную цель. Верьте – все будет хорошо.
984;Ангелы заботятся о вас и вашем карьерном пути.
985;Перемены, которые вы совершаете или о которых думаете, позволят вашей духовной работе приносить больше материальных плодов.
986;Небеса заботятся обо всех ваших материальных и финансовых нуждах, в то время как вы целиком сосредотачиваетесь на том, чтобы ваш труд приносил духовные плоды.
987;Вы выбрали правильную работу: вы здраво распоряжаетесь финансами и следуете верным духовным путем – продолжайте в том же духе!
988;Сейчас вы словно царь Мидас – одним прикосновением обращаете все в золото. Попробуйте начать какое-нибудь новое дело, только помните, что в его основании должны лежать духовность и внутренняя истина.
989;Ваша жизнь идеально гармонична! Вы сочетаете высокую духовность с практичными мышлением и действиями.
990;Бог просит вас полностью сосредоточиться на том, чтобы выполнять духовное служение и сделать его своей работой. Это ответ на ваши молитвы.
991;Выбирая работу или карьеру, мыслите позитивно и оставайтесь верны себе.
992;Поверьте, что желаемые работа или карьера, которые вы выбрали, помогут вам выполнить вашу жизненную задачу.
993;Вознесенные учителя помогают вам в духовном служении, которое становится вашей работой. Это часть вашей жизненной цели.
994;Ангелы говорят, что избранное вами занятие (работа или карьера) являет людям любовь Бога, а это очень важная задача.
995;Уделяйте больше времени и сил духовным практикам, потому что ваша жизненная цель предполагает полное сосредоточение на духовном.
996;Вы превращаете духовное служение в работу, поэтому Небеса заботятся о ваших нуждах.
997;Вы на верном пути – вы обучаете окружающих принципам божественной любви. Это входит в вашу духовную задачу.
998;Ваша цель в мире связана с вашими духовными склонностями и интересами, поэтому сосредоточьтесь на служении. Небеса позаботятся о финансах и других материальных нуждах.
999;Это число – знамение, которое показывает, что в вашей жизни завершилась важная глава. Пришло время перешагнуть порог, медлить нельзя. Внемлите трубному гласу, призывающему вас встрепенуться и приступить к выполнению вашей жизненной задачи!
